Epoch,Train_Loss,Train_Tar_Loss,Validation_Loss,Validation_Tar_Loss
1,0.08077073722242062,0.009314612950023065,0.032784950666573665,0.003174053925237563
2,0.02302809959426239,0.0024831550613668937,0.01651755434195727,0.0016719837683030953
3,0.01677863853505526,0.0018136340845022138,0.02601077849205756,0.003959735873192302
4,0.015366210136562586,0.0016404635424746958,0.013422484910547339,0.0014946635167610936
5,0.014505282464037038,0.0015173266053522014,0.01591301994669615,0.0014735260754376526
6,0.015024018771379846,0.0016304666828563324,0.016876450690459337,0.002061217671355837
7,0.013899554958843234,0.001468078548132049,0.011911712469693445,0.0010516214973157556
8,0.012248411746306111,0.0012230593777534343,0.012267912019488235,0.0011527112288869277
9,0.013822678752781774,0.001394071667689738,0.011892653748837132,0.001220188768764045
10,0.012748225692999568,0.001284483484675959,0.010155706831395921,0.0009816140612966646
11,0.012118069149603353,0.0012386353165128165,0.011049738027377437,0.0010287033079619155
12,0.011869665226428114,0.0012109675647725417,0.01787283384420027,0.0017402889099070765
13,0.011231764735823971,0.0011201427466884086,0.0134001984677296,0.001167937295221483
14,0.012008288135121756,0.001175478582373137,0.014084140955168285,0.0013767204639449444
15,0.011195839177321346,0.0011248938799499333,0.010789017721899594,0.0009565960526441699
16,0.011635545338415487,0.001100889908005094,0.009695739622554735,0.0008526271872533892
17,0.011569923705318695,0.0011373094910270617,0.009510142626919297,0.0008986342418090817
18,0.011049062573127873,0.0010662393035484874,0.009893659792149699,0.0009024138845709948
19,0.010872839473740343,0.0010732004673268023,0.01811897817579721,0.0014083455349488295
20,0.011143003088446908,0.0010364480675623077,0.009902877998322446,0.0008775058234440446
21,0.010641917391563322,0.0010190711730954807,0.011451242715181992,0.00111423101158973
22,0.011098770774412235,0.00110241351516372,0.010990317796807219,0.0010773058287222679
23,0.011312017946755478,0.0011218310969092922,0.009537973319371508,0.0009314588911751198
24,0.011376487015934215,0.0011094011632064287,0.011705767753416833,0.0009904668563498887
25,0.011210543717020422,0.0010910705707970823,0.010349728893303614,0.0008997829575654403
26,0.0103668617040358,0.0009972344028357125,0.01210329866665878,0.0008498764869029208
27,0.010431143895195295,0.0009934522912920783,0.009704774335051411,0.0009220364453064413
28,0.010283818564062562,0.0009644623561859655,0.015381907425907176,0.0012251878408206295
29,0.011059425517158872,0.0010174916164786643,0.009353403120751906,0.0009451374719582424
30,0.010183903264738762,0.0009535204956353157,0.010337642355458133,0.000927238849443476
31,0.009948769549771917,0.0009193441900513188,0.00872526258316557,0.0008245926510908068
32,0.009720441035416416,0.0008916821161031851,0.009696039972543124,0.001040734583319208
33,0.009928284411251318,0.0009173683386925473,0.008482321042148088,0.0008153097156862365
34,0.010406103380867227,0.0009571447409755823,0.00897103921349919,0.000825535049600317
35,0.009854199845049913,0.0009124529133674763,0.009503196574907922,0.0008565387456324754
36,0.009955381094602011,0.0009159448110859685,0.009467488180981665,0.0009444911820838684
37,0.009955494459222705,0.0009169438529070006,0.012067318468397816,0.0012637776313411282
38,0.011076443141659176,0.0010557576878188434,0.00927785994478853,0.0009009932531722334
39,0.009972692219391748,0.0009212879389444784,0.008406296770230231,0.0007835152028560243
40,0.009376793611128973,0.0008579084106668752,0.009539143544689611,0.0009506359047430648
41,0.009656845281226383,0.0008663117567771345,0.008360649998737684,0.0007773625654004983
42,0.00984366021398809,0.0009002023488955976,0.013635494349993124,0.0012553041110459765
43,0.01008385096095899,0.0009290056542503141,0.008535690264875032,0.0008070478681282184
44,0.009939635249506328,0.0009455712242233443,0.00873050360712192,0.0008178984530274726
45,0.009422011910707552,0.0008719175226920897,0.00831598332552671,0.0007649010787633192
46,0.009537300096732695,0.0008784844791259928,0.008476994890065877,0.0008144998940868945
47,0.008836723989789363,0.0007941511417265464,0.01026848217762316,0.0009821929584568775
48,0.008841335760188704,0.0008012259821894405,0.008004993800110868,0.0007340935744470084
49,0.009139253568885133,0.0008466484456366466,0.009603045208515315,0.0009210866578933259
50,0.00884086196399347,0.0007902722733366186,0.007845820772726804,0.0007389305902079106
51,0.008562727751628188,0.0007737835382506208,0.008913845647225119,0.000836593606617203
52,0.009063698604575468,0.0008026316841978388,0.008527102594152833,0.0008386286527873633
53,0.008802898299876785,0.000800211790109411,0.008931128100017147,0.0008043459836711231
54,0.009026487104722189,0.0008001463323855461,0.008965842038800088,0.0009285809201595454
55,0.00900564047139662,0.0008344671906090692,0.008796411387573014,0.0008839872224905547
56,0.008910855279258053,0.0008131146593419517,0.008090497125618604,0.0007668746485365617
57,0.00827201884310735,0.000734112051624571,0.008544461690629555,0.0008358926699644831
58,0.008452886283510992,0.0007479330314546399,0.008201441488580296,0.0007893499772377399
59,0.008996710568992244,0.0008078091068524414,0.011860060164803602,0.0011884340386535503
60,0.008596914607018741,0.0007579305616230438,0.0082187328521557,0.0008198925231726815
61,0.009833240718669312,0.0008972052405849489,0.009384394015820807,0.0008999117941515433
62,0.0093181838313323,0.0008649135501670187,0.007884718315052917,0.0007478126641000553
63,0.008665987685280268,0.0007746435855444478,0.008271139778122799,0.000779260963834483
64,0.008390566990126505,0.000743061803283963,0.00806407292916236,0.0007694917591250138
65,0.008214331825154023,0.0007580556996284449,0.009035412513570774,0.0009571653059803239
66,0.008429764947028894,0.0007700984587670683,0.008175436987091373,0.0007842955045943266
67,0.008707217348937809,0.0007762648911080802,0.00866961871144294,0.0008238741758145355
68,0.00801804843323284,0.0006848848165905266,0.00883259829010395,0.0009515829317253207
69,0.007664821238147215,0.0006683856750592348,0.008782123750544444,0.0009489200886594138
70,0.008308750498480387,0.0007334243372957374,0.00925600591781765,0.0009755559855110678
71,0.008461674927652391,0.0007765548842752834,0.008450701486609185,0.0008199805356616105
72,0.008000561160109795,0.0006862879440718696,0.008245110653636867,0.0007935598557094106
73,0.008326753483511536,0.000740751601587857,0.007460615979291696,0.0006829777861916805
74,0.007761133771864237,0.0006727252830906166,0.008724126821408504,0.0009136140350960133
75,0.0075687357001431544,0.0006423977838529047,0.008620657806981676,0.0009284996492067345
76,0.007757128276525795,0.0006827185702414567,0.008396633963149954,0.0008414399493848042
77,0.007942452454875744,0.0006967653496502527,0.008821782136385311,0.0009599300808275569
78,0.007644109759026494,0.0006653394023006952,0.009496099170642775,0.0010556859750260556
79,0.007317664292056695,0.0006227585601159141,0.008544938214777024,0.000934070138016327
80,0.007295305465309113,0.0006083933205079082,0.008732973055186256,0.000950135497433374
81,0.007554477240054553,0.0006508941760710741,0.008006424607635038,0.0008025377433626012
82,0.00773874989236234,0.0006660116590097362,0.008983866983117992,0.0010107478997300051
83,0.0075305803084016526,0.0006383899110745632,0.008852679199162895,0.0008226159339599521
84,0.0077962286835855064,0.0006810104596816329,0.008821395676064965,0.0009212041423472557
85,0.0074821696585724165,0.0006327172215654384,0.00839698413118646,0.0008336126384948263
86,0.007972969063610802,0.0006736713310415032,0.008085359911748906,0.000799482354288304
87,0.0073848381441993065,0.0006293252576585193,0.00876510205265406,0.000907428313042068
88,0.007214528428808478,0.0006124896987539649,0.008192546105949787,0.0008369782046296954
89,0.007096982699156714,0.0005906462253176716,0.007689695060561528,0.0007612428408473058
90,0.007181796414366863,0.000604004631522324,0.009511647495404132,0.0010588870471303308
91,0.007871815816148719,0.0006971182977225625,0.008230317323869526,0.000792298183023979
92,0.00715026950920461,0.0005984250915337694,0.008508332873947474,0.0008573359560698659
93,0.007078011790219652,0.000587026995408416,0.009088327883070471,0.0009633957585015346
94,0.0070276990950730815,0.0005863191328740045,0.009042031202613321,0.0009143965765282617
95,0.0071626952955563036,0.0006139018829489665,0.009487019352220146,0.0010379736294097957
96,0.008038091792870215,0.0006845152436466994,0.00880768022265606,0.0009054569426799865
97,0.007477875941471965,0.0006409184785339337,0.008544240242474719,0.0009025325992881684
98,0.007431119338683643,0.0006434658054039307,0.00832549849793389,0.0008042512681460107
99,0.006901841596505488,0.0005698668729104881,0.007878882878318134,0.0007772170097238711
100,0.006964599835852819,0.00057562131092958,0.007981559306395469,0.0007716968598438655
101,0.006804977364823959,0.0005514571241409864,0.008805271306704261,0.0008903929232931942
102,0.007518356540258053,0.0006520439935502855,0.008912932446892589,0.000983475540558012
103,0.00705838065059721,0.0005903429734191287,0.008778753620264004,0.0009376148727282247
104,0.006898260006093253,0.0005672167219861655,0.009313412263545375,0.0010209015542826314
105,0.007447511042705507,0.0006211214771223372,0.008041085908960379,0.0007493179512174726
106,0.007253780372320416,0.0006149289441231227,0.007651626747656638,0.0007236147441458734
107,0.00702314879816068,0.0005839004700546623,0.00847595763957091,0.0008627532387502331
108,0.007301640896898599,0.0006397055177493446,0.008254655713943258,0.0008637954410884856
109,0.0068994349146707995,0.0005734123872989654,0.00774132174097421,0.0007549619227659346
110,0.00682869114197734,0.0005780057478102965,0.008523889027831966,0.0008735061314867483
111,0.006783483364927395,0.0005597466615758157,0.008384223399060895,0.0008480994247473678
112,0.006659908000620599,0.0005434689470493773,0.008037419258832734,0.0007885707675194867
113,0.006745102522299827,0.0005531865381790651,0.00878520730022489,0.0009005242959724967
114,0.0073595929779324805,0.0006143420784952855,0.0074912673263310995,0.0007018001866430532
115,0.0069508503948979275,0.0005756334847962739,0.008022387801910079,0.0007977311496332978
116,0.0066782930085060145,0.0005458333294266771,0.008436086390241487,0.0008991254542839393
117,0.006754201370337447,0.0005480936260764689,0.008393408214081301,0.0008413361126035822
118,0.006894944531368552,0.0005704889994058421,0.012396964872107896,0.0013758336871921004
119,0.007530402948109596,0.0006619922143602815,0.008541722138973558,0.0008683611038649788
120,0.006833657220416763,0.0005639248785205157,0.008789704426419952,0.0009832580233476932
121,0.006738663473106326,0.0005551005725039722,0.0084396715650631,0.0008550883151879164
122,0.006727628326645482,0.0005461422285196078,0.009897399636676275,0.0011572899084479628
123,0.006599147121524686,0.0005355721942464266,0.008460807607860754,0.0008799958599146166
124,0.006741368575659032,0.0005677052766176298,0.008355861366263881,0.0008284921984057966
125,0.006649604563852737,0.0005388653936960554,0.008680633978535798,0.0009183302741044429
126,0.00672831038586767,0.0005366924848660257,0.010804144155221762,0.0013110638778835585
127,0.00733316558707123,0.0006186680456277288,0.008592760204245022,0.0008212901212025236
128,0.0067875816251289365,0.0005614285781349236,0.009020307702659968,0.0009383030417136268
129,0.006559279009862714,0.0005294174386831107,0.009254974624549118,0.0009838310951160404
130,0.006618589960470682,0.0005471416401695425,0.008823549098933473,0.000933344236637515
131,0.006579497863605845,0.0005317520799888599,0.008763855616161168,0.0009282919867268752
132,0.006437596238214707,0.0005135124329829008,0.008855360275634027,0.0009494049694610371
133,0.006350660839157016,0.0005029685512125782,0.008990422616688079,0.0009723542721106344
134,0.006356835849547738,0.0005087223423630735,0.008745803627253369,0.0009168005143276829
135,0.00639062081180343,0.0005101558196065353,0.00847343063376696,0.0008821836712235116
136,0.006478624236893915,0.0005082930414981701,0.009224593469762052,0.0009632310182930106
137,0.0065076730068872185,0.0005087842563912627,0.009286674404122083,0.001016690607160709
138,0.006788295439617999,0.0005511638282699963,0.00841503840445584,0.0008394493278989488
139,0.006415579442338515,0.0005062067318626258,0.008538261520065713,0.000864321687106515
140,0.0064314099607684656,0.0005057423678536619,0.009116433109064272,0.0009810210492123468
141,0.0064149055808796745,0.000511709582206648,0.008724861196242273,0.0009331858268012262
142,0.006301161141697841,0.0004939400055799846,0.008544389121481125,0.0008826694374272618
143,0.006310301949712714,0.0004968306738790301,0.009493306195918495,0.0010703762379144965
144,0.006394228512003395,0.0004979564117563414,0.01078830490857116,0.0012827217972560612
145,0.0063460967689398465,0.0004968650903204852,0.008460901763185315,0.0008986583807862623
146,0.006461477787109949,0.0005155681621835713,0.008392150452150809,0.0008035655214762722
147,0.006622278292666936,0.0005305474075712724,0.011020096018139445,0.001257052778897403
148,0.007676606617173881,0.0006436230344768657,0.009797973903697847,0.0010112369933110872
149,0.0069505218540392676,0.0005716573584319301,0.008974944967591506,0.0009752846646179686
150,0.006492239782522953,0.0005187005153857172,0.008455314417523856,0.0008988924853007204
151,0.006389381930571998,0.0005028821398373941,0.008798464509775701,0.0009483573105400552
152,0.00628174942592336,0.00048783104005247575,0.009051047189975318,0.001002016549179059
153,0.0062589988788809385,0.00048097754520330465,0.010055377171220665,0.0012002673776552778
154,0.006248014749774972,0.0004855980504035928,0.0089906837246905,0.0009775195897761917
155,0.006279966290225717,0.0004951932880064268,0.00915621751564746,0.0010657718575510216
156,0.006130803703550009,0.0004702028624218545,0.009510467773371235,0.0011390486211436553
157,0.006173877382806782,0.0004735543536900511,0.008788643227520073,0.001019851594472563
158,0.006213888307296788,0.0004764690812570468,0.010504195024105196,0.001278061008176054
159,0.007272710200370831,0.0006139025473019937,0.009428839993336244,0.0008886252130560626
160,0.0074091316191939914,0.0006263632887373271,0.008659542781849768,0.0009111911816860161
161,0.0065697201548902025,0.0005334678530726695,0.008794342174614157,0.0009965937922320125
162,0.0063253125058975734,0.0004993148570010056,0.0086468400075933,0.0009561729893421396
163,0.006266813648213055,0.0004894206203660173,0.008969664004699186,0.0010379577609317204
164,0.006095682506311415,0.00046974633780074354,0.009086471115738548,0.0010523480961264252
165,0.006145299380882413,0.00047169058718572515,0.009310169978104285,0.0010979720373022746
166,0.006050835881460132,0.0004639352533254532,0.00895493955502521,0.0010072632143636301
167,0.006136536153791182,0.0004573919204873309,0.009643211724107086,0.0011490169340233466
168,0.006038153985384214,0.0004553279428959279,0.009154567297622068,0.0010299152108325643
169,0.005999740086559617,0.0004546529466366863,0.009464687650825903,0.0011021914359067245
170,0.0062461077933245734,0.0004743486505064639,0.009166253251116106,0.0010251567223620453
171,0.006208387112772595,0.00047417123015317534,0.009114803081773074,0.0009700555174818897
172,0.00632857139834943,0.0004917739136859389,0.009714123591725153,0.0010315439466653787
173,0.00638227607035025,0.0004976975737969983,0.008557360319402192,0.0009100918204366347
174,0.006199927124134601,0.00046733604360525867,0.008875777988096342,0.0009565511097767643
175,0.006175860549241814,0.0004699069779422028,0.00907830619607861,0.0010204164105346457
176,0.006093109805604351,0.0004574082364764652,0.009822723520487941,0.0011761534501511654
177,0.0060345328682077475,0.0004494105211300634,0.009419207715595894,0.0011265000953093874
178,0.0060302378377831145,0.000456228910175377,0.009744217372591922,0.001141749336195351
179,0.006085148382181224,0.00045929354532071154,0.010539645648296207,0.0012962749757532597
180,0.006120964464246377,0.00045380897162891143,0.01041486861171904,0.001220837433780821
181,0.006204432391334934,0.0004776634059349755,0.009684997295424195,0.0011210299413288876
182,0.005963107139870751,0.0004459118815037128,0.009813305315105183,0.0011931463632931538
183,0.006049789638814478,0.00045326201346664806,0.009732842783055065,0.00111932645553595
184,0.006246057564318321,0.00046562030009558855,0.009679993601448044,0.001181589149918549
185,0.005976309191113331,0.0004473207743653404,0.01061674489158619,0.0013767533133516477
186,0.00595087797855498,0.0004359137556474026,0.009840740714320876,0.0012242892497918408
187,0.0058885397289493635,0.00043810180187209405,0.010094075998760119,0.0012008173874327266
188,0.005953455020712525,0.00044033495521619067,0.009792491469828302,0.0011775602948630617
189,0.005883671043214066,0.00043280114577007534,0.010974777082215673,0.0012611498572826633
190,0.005905562712538265,0.0004252281648920452,0.009832618670192677,0.0011323657272682703
191,0.0058491240492791734,0.0004237939728894926,0.010081543267198794,0.0011699428181576432
192,0.0058452011605710525,0.000429200060300869,0.009748930652743045,0.001153399748322924
193,0.005891546623837982,0.0004260433491845279,0.010411734028953738,0.0012544931787307472
194,0.005760133365601188,0.0004149575923797905,0.009058083271891471,0.0010192832303933478
195,0.005826111205680005,0.00042604027253340137,0.009560505799418747,0.00109277809177917
196,0.00593253942348148,0.0004333862472686761,0.010004407368501686,0.0011303646144779423
197,0.0058227318114186764,0.00041982234068774395,0.009083264388625096,0.0010155439448145077
198,0.005856785222980063,0.0004188540214455789,0.010604145925874445,0.0013156176039456414
199,0.005775939072075056,0.00041015591589023956,0.010248312136059664,0.001252861499026208
200,0.005721234711163284,0.000405690672764459,0.010375604597814628,0.0012176170548025538
201,0.005883927687209369,0.0004260848474842868,0.009826353774251824,0.0010743456304232151
202,0.0057642033125341165,0.00041091886057762763,0.009991652644486074,0.001111105990589177
203,0.005766860817155372,0.0004120596437520231,0.00970718160037272,0.0011194702314940707
204,0.0058027823321068015,0.00040946935318227144,0.011960113762618838,0.0015762209272515552
205,0.006098588043292666,0.0004579680200494443,0.012187536478980092,0.0015976358072474501
206,0.005923194057368337,0.00042681534709975463,0.009745424647278936,0.0011966613048860274
207,0.005818592977600292,0.0004126009939768716,0.010169236265455947,0.001270613292379024
208,0.008117061520894784,0.0006931246794028094,0.012656974023368382,0.0017411219499063129
209,0.006784930178088211,0.0005400969215072054,0.009072461441492305,0.0009599880590789723
210,0.006171043119446406,0.000458576169015243,0.009255885737886443,0.001012337011372245
211,0.005913481530609466,0.00042760823481493123,0.009393928668905814,0.0010453469449263344
212,0.00583993672736754,0.000417165498399953,0.00939232114600696,0.0010426565039604564
213,0.0057739790266967544,0.00041163033807336814,0.009372379715609926,0.0010622203799538217
214,0.005711253479693241,0.00039911737318943914,0.009453900853042423,0.0010571791692609923
215,0.005796097933417434,0.00040779222082811456,0.009011565767759026,0.0010219442216557642
216,0.00576011754241294,0.00039968718139976156,0.009718887524105707,0.0011627847442595405
217,0.0056590237995581315,0.0003858771898426087,0.009619715771582348,0.0011609553618974126
218,0.005661003968851931,0.0003871880164068943,0.010383919068760183,0.0012851526029022497
219,0.005679369641170472,0.00039312901241375496,0.010212384123472336,0.0012336689823681784
220,0.005605374166773838,0.00038163218193089046,0.009988991572947198,0.0011822878425888446
221,0.005552695747181603,0.00037442889251456746,0.009668144836886139,0.0011339666274555848
222,0.005603717875528811,0.00037877930921613955,0.009654061649833491,0.0011287023341194542
223,0.005640922967670308,0.00038169790762025127,0.010274981252620897,0.0012110232406207946
224,0.005979814429452267,0.0004363127825806048,0.008904037298634648,0.0009090446624966548
225,0.005738417109821573,0.00039392177463941163,0.009061657047263093,0.0009905257130647695
226,0.005552368817989053,0.0003759879238762762,0.009546591311273788,0.001048699808106542
227,0.005569965931402782,0.0003797972613893371,0.009630862025957284,0.0010832942168795756
228,0.005590243181815732,0.00037177706291892886,0.010224883544061408,0.0012002845483370256
229,0.005631891447526647,0.00037463658419902484,0.009408513550486244,0.0010471786684121487
230,0.005572935780103074,0.0003700945068225123,0.010249783952615612,0.0011482494611475024
231,0.005480038153517552,0.00036461305985591966,0.00956041122700353,0.0010277649088198356
232,0.0055142888120294125,0.0003623730154053358,0.010283862697022245,0.001141409864732055
233,0.006610953523476427,0.0005444227837883963,0.009606860881819335,0.0009563210577297715
234,0.005863929817190982,0.0004192033025735773,0.009922375634238617,0.0010972850266396876
235,0.0056435131213801275,0.0003862375282959573,0.009911093423728961,0.0010740963597774247
236,0.005558322372354085,0.00036513017704745777,0.009868799745789822,0.0010959280334645882
237,0.005819377755859562,0.0003927276159529114,0.009262373040288392,0.0010024304962844206
238,0.005580239859321101,0.00036552333225520016,0.009484702097529558,0.0010390445601680032
239,0.005440965506864336,0.0003548894396408978,0.009229442063065259,0.001020129515526551
240,0.005414279699219327,0.0003484938793716963,0.009542519996861698,0.001026792042454649
241,0.0054467581221373474,0.00034640450843923264,0.00997787082894699,0.001121830679593833
242,0.005431039650134827,0.00034560761147775396,0.009682632591081968,0.001044761962415373
243,0.005408557569218566,0.00034203097687794264,0.009585813242195804,0.0011041245191197669
244,0.005389338674399109,0.0003384524506951431,0.01010028464374262,0.001172384304813239
245,0.005407728119346069,0.00034224083262031807,0.009813723321664856,0.0011248103192998157
246,0.005523478816805174,0.00035943528737438163,0.008603696330505985,0.0008884868944998189
247,0.00544579394521128,0.00035065562334159536,0.01123649171948285,0.0014106907333642097
248,0.005734043483562172,0.0003825257256586802,0.011016931765657288,0.0013109251667147144
249,0.005450012678007804,0.0003462002031459073,0.01042200599038443,0.0012715784169325685
250,0.005383434033502927,0.00033765808482629606,0.0106050817909595,0.0013144072431443407
251,0.00530863809664893,0.00033263413133128444,0.010282212663256865,0.0012474682041662066
252,0.0054157588908895,0.00033634040635716555,0.0105008276299703,0.0013124229598367148
253,0.005462454876264012,0.00034400631263967207,0.010824134660459167,0.0013274765979739164
254,0.005303656299042554,0.00032623666881414544,0.011955404619451934,0.0015214640247814407
255,0.005727564309592653,0.0003933778316284505,0.01089337205017812,0.0013270388609927844
256,0.0055344513911371445,0.0003557324772120804,0.010444656526361475,0.0013026350047435481
257,0.005372014126878501,0.00033998095305165553,0.009545901360064252,0.0011842053007551881
258,0.005479457742134428,0.0003429112479034475,0.01103738971773091,0.0013637071006930594
259,0.005265391197147648,0.00032324823848004614,0.010684059803306266,0.0013236403154958632
260,0.005296469778052669,0.0003246269038045768,0.010933041129267422,0.0013843893315581394
261,0.00537853883030495,0.00032617128249426007,0.010185342413120416,0.0012682066093752506
262,0.005244516615291965,0.00031335232101585325,0.0101107083097569,0.0012443822945216794
263,0.005350245684721709,0.00032045840907467,0.009827864566811713,0.0011694012906048477
264,0.005194750839327338,0.00030876214715263526,0.010724752456017629,0.0013822235079040436
265,0.005298751639202237,0.0003208256404189138,0.009969588667493536,0.001202196414568554
266,0.005286407201044516,0.00031718822786391506,0.010746001785571705,0.0014086412563681023
267,0.005282897763343761,0.0003163826986288602,0.010892545158314882,0.0014008520066388112
268,0.0053231841070088826,0.0003174470324589811,0.011380460053151905,0.0014673914283414569
269,0.005223132674794771,0.00031507769371595364,0.010431263763889276,0.0012825621122961543
270,0.005193741373299929,0.00030877554225976607,0.010779865494688713,0.001267555231630913
271,0.0053078403630906525,0.0003220831656692631,0.01029000483262075,0.0012665942674313846
272,0.005344719528627826,0.0003247419234981385,0.011275230752711264,0.0014393920924426643
273,0.005500885237897162,0.00033661062095403677,0.011185252679733942,0.0014667691467661374
274,0.005502801543427454,0.0003443677572322347,0.00930672296514081,0.0010597553479139053
275,0.005201120573156177,0.00030176905318014607,0.009840626169353823,0.0011930952987915817
276,0.00518306530746472,0.00029748364677254337,0.009651727489479478,0.0011336058531448382
277,0.005182018944862593,0.00029547854678345906,0.009633192222793617,0.0011704012992794144
278,0.005162000738459678,0.00028979271257910594,0.01013439445176612,0.0012832776754065293
279,0.005077040707338389,0.00028706548331365584,0.0098813918507072,0.0012040455913420193
280,0.005074120829140364,0.000290043252820597,0.010664254826314699,0.0013900892739164927
281,0.005065886944288055,0.0002832395744889783,0.01070943021058222,0.0014105709870029797
282,0.005129409870734799,0.0002934099327471415,0.011470871215026258,0.001563108671303925
283,0.005133560482862303,0.00029302212777512125,0.01109430383712004,0.00150032571169227
284,0.00512971120847552,0.00029129618940389797,0.010460202082596867,0.0013724720477614558
285,0.005139487199733182,0.00028195714180981,0.01197018135579562,0.0016786906050902865
286,0.005057795010436284,0.0002777349139530984,0.011695007013391382,0.0016568271075691472
287,0.00508386651744549,0.00028295637847711386,0.010883583775906522,0.001501266769353618
288,0.005067677860335932,0.00027920333009603623,0.010834443076075801,0.0014359346025820748
289,0.005024524307331715,0.00027703020843732995,0.010928854059477319,0.001453408418937944
290,0.0050758803387246886,0.0002764885436448918,0.01087495514703606,0.0014501735424936675
291,0.0051148938326724585,0.0002789672822895116,0.011317060366797181,0.0015058012785033835
292,0.005157774409895387,0.0002886400327713675,0.011170643793468346,0.001558875341312605
293,0.005034767677334665,0.0002722877079750209,0.010806815273942586,0.0014480759219315815
294,0.00507320386947207,0.00027293333769470504,0.011404343253920557,0.0015198707229585775
295,0.005025619880859333,0.000273104550189891,0.010947094834718039,0.0014666519117185427
296,0.005064038502693375,0.00026910492165249634,0.011455650220853307,0.0015495951543889773
297,0.0049322925560254275,0.00025723742345700346,0.013072760423355496,0.0018484171805961138
298,0.005022627114718461,0.0002656663233667042,0.011272943789904184,0.0015048332698277
299,0.0050783374819536285,0.0002764690865722915,0.011783084728822902,0.00154700351774728
300,0.005119520637911422,0.0002731672602299753,0.01186635157105741,0.00157335120712373
301,0.0049600155108711,0.00025784585275465957,0.012069721338462503,0.0016142386644932177
302,0.005010195436777667,0.00025951247552751487,0.011762219215188151,0.0016273451096008977
303,0.004926350951272669,0.00024786468754286133,0.01309588890282178,0.0018449169799969964
304,0.006258875279450088,0.00045306078059166783,0.010020478307855445,0.0011469832437833007
305,0.005488115544306971,0.0003312565460161504,0.010090936293720655,0.001256229447338511
306,0.005144524221581198,0.0002791973992776278,0.011406934604246095,0.001584533322429044
307,0.0049747825155792465,0.0002607193269145838,0.01127079052277008,0.0015148279014843768
308,0.004976008158662275,0.0002556893068616732,0.010883196372699164,0.0014299336922126021
309,0.004900589762361784,0.00024933762537530615,0.010718309301235374,0.0014177522712058716
310,0.005002893684980789,0.0002591399129950654,0.010826583051998538,0.0014792503963979363
311,0.005013605425251159,0.00025659388705522366,0.010828771715558178,0.0014983063176006776
312,0.004950910576481103,0.00024739781471178247,0.010742868677657468,0.0014782529687127313
313,0.004964523631353427,0.0002447370194764489,0.01133362393955768,0.0015580040690472152
314,0.004856854961156321,0.0002396135827397641,0.011476202756906582,0.0016207738975068749
315,0.0049354197827482975,0.00024076570348837147,0.011865828049042269,0.001622919201249926
316,0.004931822984865353,0.00024110599546122254,0.011723678503555572,0.0015978465516013033
317,0.004863253641455742,0.00023657087954389775,0.011840262966051649,0.0016968382343407781
318,0.004882038211071077,0.0002374583510562473,0.011313710747971292,0.0015669010263684186
319,0.00485442389606608,0.0002306755854313956,0.012530366464561184,0.0017602061540091145
320,0.004860191493996281,0.00024153521911244655,0.011470086948902945,0.0016128198519874894
321,0.004857377646696318,0.00023429965324382946,0.011417556721377895,0.0015782084406506954
322,0.004816789005638699,0.00022972692272819743,0.012438962438038938,0.0017981236320723693
323,0.004881558858368107,0.0002361907887606954,0.011920655036764528,0.0016021355957684064
324,0.004922105926319163,0.0002466135546777525,0.011220698048274297,0.0015638232660373451
325,0.0050709293783419256,0.0002711200463204218,0.011457287689473555,0.0016361378301559509
326,0.005279811127058199,0.0002997189684073395,0.011726777490216079,0.0016597051874831603
327,0.005066736735856805,0.0002572276971615876,0.011861077580749002,0.0016023872604451778
328,0.00486779526564799,0.00022908609132273584,0.011963259060219522,0.0016528588715522081
329,0.0048083796558951244,0.0002256885712400624,0.0121366945326649,0.001709017802483945
330,0.004791613911657449,0.00022394128547201887,0.012611086385491126,0.0017965430694394005
331,0.004871036879498752,0.00022720841609230158,0.014117090682967856,0.002169704152038321
332,0.004804448948769402,0.00022101870505803197,0.013288390844295554,0.001957648827176655
333,0.00481380495736765,0.0002213788455112717,0.012118615758981531,0.00168387677690318
334,0.004806740217427847,0.00021591992241958114,0.012867487594639475,0.0018648129222634717
335,0.004803543676668247,0.0002176902129120298,0.011667874841395741,0.0016477031475981537
336,0.004775191839614408,0.00021759773486828567,0.011834491264007195,0.0017371680148563422
337,0.004795196024389378,0.00022806813275886827,0.012440040788539247,0.0017586067625470245
338,0.004766648706091221,0.00022349210866897794,0.013276031626302082,0.0019993684115813463
339,0.00477661840159963,0.0002176763884888182,0.012568862436474948,0.001826939991467543
340,0.0048015116405861,0.00022483355131479662,0.012979984167802907,0.0017262270013683797
341,0.004769668765206726,0.00020974199438368913,0.013091737355124082,0.0018627454309600147
342,0.004733419538025847,0.00021112412224791967,0.01249983966032919,0.001681037762328375
343,0.00474574257878183,0.00020604422481393286,0.011829917090143145,0.0015995463835143343
344,0.004686340247457953,0.00020585682682654053,0.012444145574283768,0.0017229128368383903
345,0.005074081201010699,0.00026934301522038096,0.011911849142823196,0.0016067873096091223
346,0.006623594862313325,0.00047605954839435437,0.009887202245041433,0.0008674869415506764
347,0.006178866302552048,0.0004213037871854812,0.008705321242200173,0.00088341316210749
348,0.0053963010215303175,0.00030328000067049785,0.008785627477043709,0.0009303981032463821
349,0.005085488847286897,0.0002621583493230351,0.009061179174702392,0.0010237852125914322
350,0.004964357772275466,0.000248787124098337,0.0095680200491742,0.0011521239241890436
351,0.004931352768773248,0.00023463948104931608,0.009877172244762053,0.0012370356480881652
352,0.004882489355412018,0.00022018912558772729,0.009838773827346055,0.0012245162639096965
353,0.004815067161944033,0.0002133487607297105,0.009830735566014338,0.001232947796339937
354,0.004691210156660739,0.00020675446821873328,0.010000214190376515,0.0012707145651320569
355,0.0047480303633908524,0.00020930543500410407,0.00997411087463727,0.001292696213122266
356,0.004878754102529342,0.00022250732589204763,0.009809498467007714,0.001216183254065066
357,0.004821858393602045,0.0002087788397296661,0.010299990406963012,0.0013093900222956535
358,0.004775678157760361,0.00020439746540536425,0.010795615772278794,0.0014134494259927285
359,0.004742538753875705,0.00020126706464973035,0.010685908844053054,0.0014265636542549092
360,0.004731045719838131,0.00019962746114547529,0.010921820901050571,0.0014765421019667384
361,0.004656738124454939,0.0001933483943800635,0.010647279407755034,0.0014032062491176908
362,0.004651409508341732,0.00019406676054775038,0.010647632377468888,0.0013932821779151059
363,0.004696479809962695,0.00019317986329658022,0.010863768087934381,0.001441527215988662
364,0.004696577533321746,0.0001894270882065569,0.010883491377605262,0.0015099297947595697
365,0.004659789865358446,0.00019253225152857936,0.011079509801151145,0.0015231989183777709
366,0.004642076904534897,0.00019081992871493647,0.011289723863553824,0.0015764593803794093
367,0.004728651595808311,0.0001987669742510153,0.011878091444890477,0.0017003585705502786
368,0.004711056476504942,0.00019643014765427776,0.011770032948370259,0.0016059999333271318
369,0.004729457812635193,0.00019586980344524904,0.01200454076906259,0.001710577038080518
370,0.004638159619254758,0.00018794981397253713,0.012059124006229816,0.0017777437127649395
371,0.004634554191145465,0.00019272158265906385,0.012063817580582092,0.0016916194481201568
372,0.004608357350426963,0.00018653509555873195,0.01170996916696232,0.0016738191466807043
373,0.0045920038518775606,0.000190075441375273,0.012513451391541159,0.0018183166416657207
374,0.004624762312958846,0.00018250307268746367,0.011455287742860221,0.0016030663526011785
375,0.004672530139955788,0.0001886631004151998,0.011559703668721315,0.0016264172699934625
376,0.004621617929804574,0.00018758484733234754,0.011688690540837186,0.0016404554419973496
377,0.004802657198337944,0.0002194226579812573,0.011998108833325126,0.0017216587216082177
378,0.004660345806949152,0.0001902232711835713,0.012545406790635247,0.001781862484779215
379,0.004661032827765798,0.00018797469877810776,0.012389710729645675,0.0017103807493679638
380,0.004603685953250658,0.00018465584952374496,0.011535142289338917,0.001577104425173606
381,0.004602621587882165,0.00018243080224656364,0.012090465925103485,0.001731272870986969
382,0.004532087949713685,0.00017619186110096052,0.011163095129493452,0.0015827815977599016
383,0.004665926692851539,0.00018661302419095176,0.011467308371901413,0.001662496113856724
384,0.0046403868417804455,0.00018514281578323037,0.011965369332322714,0.0017078828174714924
385,0.0045756608001647,0.0001751173730356886,0.011933078404997062,0.0016982340444124532
386,0.004652388916641275,0.00017664929904840875,0.011393808877706182,0.0016364424168718178
387,0.004630834173620059,0.00017711063594085487,0.011460075814844362,0.001570152361173374
388,0.004648045597318206,0.00018375324122536885,0.012921709765445762,0.0018631255172041942
389,0.004669080260864852,0.00018366682422030876,0.01309184013212112,0.0019021567466263258
390,0.0045800971278049645,0.00017167205316215547,0.01275692977988784,0.0018499768254773487
391,0.004559111722546697,0.0001705217825470934,0.012267431261215284,0.0017700302545177837
392,0.004514294498097223,0.0001621992269065231,0.012575608712855405,0.001826273422101929
393,0.004519788349603264,0.00016520548135871263,0.012546312595896471,0.0018063090727275194
394,0.004477937827541886,0.00016980575357330077,0.012371535687429817,0.001801235984956124
395,0.005076254599377116,0.000259560957709137,0.01412007432671523,0.0019439145156420576
396,0.004800193944853861,0.00020919756003809977,0.01372691710550486,0.00194040341112903
397,0.004670798196014682,0.00017765500968574023,0.014848622076355216,0.002128951709313913
398,0.0045394346152499545,0.00016514889016382736,0.013538585593368834,0.001956656585225453
399,0.0045180986892120354,0.00016208898992398966,0.013492904442350151,0.0019859069196425613
400,0.004543181343673385,0.00016436404545265587,0.013628107962809157,0.0019474443345926609
401,0.004498140066206993,0.00016056065805450688,0.014063447396215421,0.0020399071454087468
402,0.004488305402512418,0.00015892716309014963,0.012566105989178037,0.0017860855507072283
403,0.004466247936965678,0.00015773412289539222,0.012499222320671015,0.0017716965883074402
404,0.004455546598824824,0.00015920722604838346,0.012761356166428239,0.0017969725946350322
405,0.004544772936328679,0.0001661949475353828,0.012770765544291561,0.001796973705880956
406,0.004533539282710436,0.0001575984263688834,0.012351921852061291,0.0017745307965340194
407,0.004471131719510733,0.00015389891770693117,0.0129293974562986,0.0019268067012279254
408,0.004448397627309276,0.0001488906333704969,0.014535692976849363,0.002129199089704464
409,0.004441041081963185,0.00015332910816867734,0.012120228260755539,0.0017031522283954268
410,0.004515017468673478,0.00015719035189304883,0.012200995833329264,0.0016993590235858168
411,0.004484377556193634,0.0001541796056574747,0.012506068799034107,0.0018018289936192963
412,0.004486958483435894,0.00015321289899437193,0.013189449913287844,0.001953863570362943
413,0.004523133683308761,0.00015769588586380978,0.012957144070675733,0.0019166462132741932
414,0.004467111875873215,0.00015367956054602758,0.012680359155445403,0.0018320486467217545
415,0.004487157105238039,0.00016125537116293433,0.013119533412861607,0.0018677740441754751
416,0.004561151111385158,0.00015672708973518711,0.012182824497900608,0.0017154296931027378
417,0.004536444827437953,0.00015789501337959083,0.012822561675300267,0.0018850027187023888
418,0.004457921492194353,0.0001511162619946167,0.012630045864212987,0.0018681592165067675
419,0.004451231384727778,0.0001490737950664364,0.01257800796170972,0.0018912634683833827
420,0.004439683633275727,0.00014712775169451015,0.01268424741023325,0.0019139054482197543
421,0.004459238986523659,0.00014364075760488548,0.013019424890143341,0.001950535023336712
422,0.004462525983758894,0.0001452091072619952,0.01322930891202479,0.0019449208540142674
423,0.004397802138099086,0.00014527139152023283,0.01418942268490668,0.002141442769201278
424,0.00440817309486832,0.00014503289090332593,0.012915093682256113,0.0018804456086213305
425,0.004460372014799839,0.00014599570369454385,0.012412207901157093,0.0018825611535772768
426,0.004398949093056113,0.0001399481746932149,0.012847991216162973,0.001907630897830017
427,0.004399598962556529,0.00013721005748975102,0.013070657320431625,0.002006564972861878
428,0.004389175087277257,0.00013985427537552983,0.012712827455776664,0.001897385737196456
429,0.004414528058115889,0.00014040451540965577,0.013404151349982234,0.0020182191484664808
430,0.004460796076421955,0.00014403763759803575,0.012065042033082257,0.001716090752014625
431,0.004407061870783539,0.00014042075176094415,0.013053867390798713,0.0019506492377054532
432,0.0043719530463247015,0.00013686337734369194,0.012203050848244634,0.0017135090104584499
433,0.004425551922913966,0.00014055745415746972,0.012599426781178901,0.0018464787683464335
434,0.004408703490599508,0.00013864668508453346,0.012973733139162674,0.001974731998717403
435,0.004408793245927349,0.00014058315133892385,0.01255057505424449,0.0018035898756834105
436,0.004350065724205353,0.00013635914091409464,0.012411518841951049,0.0018454035419784949
437,0.004416099600334556,0.00013722356758744388,0.012370962048233148,0.0018178696951532847
438,0.0043456395702904,0.0001355371816192126,0.014168320550577136,0.0021137039300762827
439,0.004589636753022869,0.00017385673214697603,0.013721590469258263,0.002022794934027421
440,0.004810303048152802,0.00021660066616661474,0.012218998251667876,0.0017486386743546865
441,0.004522380905983679,0.00015618913193249246,0.013597918109234348,0.0019789878761304067
442,0.0043900594391467,0.00013303828220899674,0.012642889123237291,0.0018265430525395115
443,0.004508422659320523,0.0001491152336922768,0.014053815572571923,0.002027662923467609
444,0.004542471325297631,0.00016355702908656084,0.0127547861598062,0.0018699591710896767
445,0.004463401425651101,0.00014685605726330524,0.01367294939006648,0.0019908961954172733
446,0.004376442696608801,0.00012933505758771214,0.013158729461034057,0.001915802041975325
447,0.004400395784711203,0.00013354603747359523,0.013730708303065687,0.0019764497345456057
448,0.004402213180154392,0.0001322020474161126,0.012418689878521771,0.0018083663252889664
449,0.004254584146677711,0.00012234351259449646,0.01304405567618642,0.0019008794064430785
450,0.004293364052618269,0.00011998026701295261,0.013532803888858252,0.0020391232426014622
451,0.0043672463168769,0.00012509742134063462,0.01247179197588479,0.00182741691839468
452,0.00435672193666488,0.00012216904992835257,0.012960653298762658,0.0018894831086771057
453,0.004315504738742294,0.00011929352183544858,0.012539828484507883,0.00184870449115294
454,0.004338797237175188,0.00012179539364898661,0.01338876390040217,0.0019430093988020663
455,0.004334504275225075,0.00012152859132580669,0.01296097289043053,0.0018961217448779147
456,0.004282329729474911,0.00012557288786957326,0.013284122451849973,0.001958593135504576
457,0.004350304819586839,0.00012024687810190342,0.01320792262485584,0.0019485808333897785
458,0.004367532323649287,0.00012371505553114955,0.013311506878115878,0.001973598900828156
459,0.00428871993248142,0.0001232062284529812,0.013166454831132086,0.0019295322373416891
460,0.004321971765680402,0.00012141096098822127,0.013145180820758818,0.001965830562996103
461,0.004363918595968572,0.00012399528954700858,0.012644364525539345,0.0018073003710689338
462,0.004326430897887074,0.00012216553828977146,0.013066523660603442,0.0019292022258279205
463,0.0043181584100681625,0.00012302546944492894,0.01304438823621276,0.0019218950491033907
464,0.004301314591430128,0.00012717746475825667,0.013230511230965521,0.0019033422117990392
465,0.00437480864246082,0.00012381573022125658,0.012865640889137785,0.0018530187247334886
466,0.0042810582298211785,0.0001182422889445239,0.012857479589146298,0.001894448229139871
467,0.004299451210164242,0.00011878016956120432,0.013027656141094962,0.001919848435172512
468,0.004272122202554413,0.00011854191036153931,0.012550518518801014,0.0018821731453330876
469,0.00432773094895179,0.00011602174161197245,0.01270761341781707,0.0018902670975430678
470,0.004242022613421111,0.0001138600217177468,0.012690470833022962,0.0018736362305106689
471,0.00441761806646199,0.00013625425125551703,0.011557865611875787,0.001628706101035169
472,0.004828884536772258,0.00021322306233724692,0.012855254502239212,0.0016225412634370189
473,0.004621003188295537,0.00017683927556048343,0.012066762966091516,0.0016527645807310057
474,0.00437076840268186,0.000132846892397486,0.012829916090673662,0.0018631210839776754
475,0.004403726852006728,0.00012172566130175255,0.013105423922113927,0.0018779423777798472
476,0.004274864636800701,0.00011437941184028927,0.013022638640724222,0.0018969251107272618
477,0.004298965693646227,0.00011175024748546118,0.012421340578303531,0.0017786035067494342
478,0.004242083790336697,0.00010421374056451425,0.012629085114003707,0.0017790182217333422
479,0.004273916038723499,0.00010876085753070687,0.012727249883244814,0.0018185201379611613
480,0.004267094325284853,0.00010819275588344771,0.012956485038913095,0.0018727879313104833
481,0.0042112357166379745,0.0001041892969468697,0.012682246010355799,0.0018251918225010643
482,0.004226083142643958,0.00010529594267681976,0.012633633452917863,0.0018404404513151632
483,0.004223840155359004,0.00010359015115557775,0.012753387194570918,0.0018351303629331609
484,0.004265556960922627,0.00010687542304824002,0.013048298751768835,0.0018641604451267572
485,0.0042084114601261945,0.00010659568659860412,0.01275229152131653,0.0018182382756510337
486,0.004362864445048621,0.00012055776191284631,0.013942739277128254,0.0019303717579785503
487,0.0043009180724337525,0.00012304838445788329,0.011805048465284686,0.0016701021500102194
488,0.004305182270503854,0.00012047137521505453,0.012435617032522545,0.0017622019972473718
489,0.004232403171556814,0.00010888355455953121,0.01216873980207455,0.0017483544173389858
490,0.004252007662251365,0.00010805730892678067,0.01219679625775813,0.0017358369390759309
491,0.004265953820312091,0.00010617489920928631,0.011523346405087767,0.0015802840994815928
492,0.004186631494180473,0.00010930057942459825,0.012738034459114667,0.001871706223341217
493,0.004217412722909632,0.00010370712916759824,0.01250067207074126,0.0018739689170230267
494,0.004254622716003385,0.00010408449705507333,0.012645435995971229,0.001871342390815385
495,0.004252435116738279,0.00010639667805372126,0.012350657515363484,0.0017556674844571483
496,0.004249622422968083,0.00010721162940489931,0.012379271937349182,0.0017487872451447824
497,0.004239834310352349,0.00010661222141631348,0.012362068705569138,0.0017796905935546906
498,0.004238396788285089,0.00010320795371463913,0.012182000490978655,0.0017893916605593982
499,0.004253081596693725,0.00010648525015662044,0.012416157926223087,0.0017905119079269626
500,0.00425272224517008,0.0001047967240090297,0.012041576261422443,0.0017139288597146207
501,0.004173544774667675,0.0001034263068815749,0.012440466614199543,0.0017547293977234868
502,0.0042840513545035356,0.00010758406807316163,0.012373386987096427,0.001742153660530519
503,0.004214089655958314,0.00010457709477261316,0.013933997182638094,0.0020422583616915737
504,0.004228919092477246,0.00010471650020987041,0.013118874488262744,0.001921339027264806
505,0.004256852078269246,0.00010098126975678597,0.012758666311779262,0.0018748720466592564
506,0.004258276748173505,0.00010595220659587031,0.012773408465062744,0.0018800602445372347
507,0.004153666318882922,0.00010114310945432286,0.01224593619510704,0.001716398024209351
508,0.004219826126069241,9.9789762506703e-05,0.012974637626078202,0.0018482430108187995
509,0.004147064252827359,9.553189119298083e-05,0.012704894205691009,0.0018449758097522858
510,0.004223638691783603,9.741896361661694e-05,0.012969795807221572,0.001927147620534509
511,0.0041700546596971245,9.928400762555784e-05,0.013310766698706228,0.001963674824807056
512,0.004251919468128239,9.988280133173926e-05,0.01280508559838628,0.001906240877758215
513,0.004212476284784963,9.746237406501048e-05,0.012562095295539163,0.001804411959102368
514,0.004201858225207734,9.968562199164911e-05,0.012411263521563336,0.0018007380081053873
515,0.004296064133376959,0.00010765674752385767,0.013614466260434036,0.0018304939904972596
516,0.004193999302155646,9.978455963332963e-05,0.012586578041382924,0.0017604156255522367
517,0.004298699735982535,0.00010000080842836942,0.012666968520829417,0.0018396476979559405
518,0.004127264348612992,9.379897456631213e-05,0.013688252001402543,0.0019884248829731216
519,0.004183122274703116,9.00465275185784e-05,0.013195011333796806,0.0019220712668459403
520,0.0041930114685738385,9.511424948993301e-05,0.0126773290296042,0.0017775580592377155
521,0.0041900319613856285,9.481861204010839e-05,0.012911585986842432,0.0018667279988306032
522,0.004232630837875145,9.609451324532277e-05,0.013034139156945988,0.0018780322685018212
523,0.004211688164122289,9.224040424233783e-05,0.013401085022059793,0.001978910120573382
524,0.004162921996950083,9.283959477177791e-05,0.012749912434670803,0.0019005817167086232
525,0.004137007900276451,9.181108120115242e-05,0.012705857712861817,0.0018512936124816346
526,0.004154121530235182,9.159962832685978e-05,0.013318180604621966,0.0019555499496085676
527,0.004186258458323465,9.018700716590678e-05,0.012947076630149506,0.001919700103043463
528,0.004191862335145303,9.071537493485754e-05,0.013370616258189872,0.0019335424950013295
529,0.004170278475899603,9.122324389839726e-05,0.012689129073197478,0.0018562589380444901
530,0.004583920318077357,0.00018150197867290366,0.014920952890240988,0.001960710106885511
531,0.004385936484732329,0.00012912230584389214,0.01428706088143444,0.0021299947835142657
532,0.004520117758486434,0.00014722472339595877,0.015218373808997454,0.0015718805552028515
533,0.004316203984495663,0.00011652657363610586,0.012834371132344402,0.0018049277571825595
534,0.004210916130020931,0.00010296699575889619,0.012387428280823426,0.0016252882403282245
535,0.004210243503980962,9.934692053483292e-05,0.012501054784184359,0.0017600021395064807
536,0.004219379863425551,9.214729637524181e-05,0.012019897616832264,0.0017195513955932666
537,0.0041545644170558615,8.837095921346896e-05,0.01277518710846217,0.0018775755456079796
538,0.004177540910302771,8.925201548390414e-05,0.012358017448514749,0.0018128097080206383
539,0.004188724456199165,8.700926659635859e-05,0.012248215305662115,0.001814617767984191
540,0.004159344071185946,8.62668784508689e-05,0.014692286882142457,0.0021117000912833843
541,0.00415031739268027,8.841397063575925e-05,0.013301722156439,0.001950271526025454
542,0.004127843397538472,8.489831930091896e-05,0.013105532493664335,0.001944368068627637
543,0.004086340462413578,8.306124522201889e-05,0.01339078931884211,0.0020335537348897042
544,0.004134327739817108,8.711640545175992e-05,0.012845591953431336,0.0019150466622469796
545,0.004135125035600659,8.208234395885549e-05,0.013318308828003852,0.001973939818159148
546,0.004135944278549559,8.182800303756311e-05,0.013265574976974568,0.002001793943844745
547,0.004140465089629897,8.603171273316963e-05,0.013034273668297179,0.0019272193886530093
548,0.004133150836243914,8.569177039186829e-05,0.012998101934451388,0.001887145848427853
549,0.004166029753099716,8.98453643842052e-05,0.01316989648667787,0.001981629615425809
550,0.00412024391820378,8.547701720034787e-05,0.013116388107551299,0.00190214405439286
551,0.004129230305942009,8.377963473225041e-05,0.012430616527246866,0.001767459734222915
552,0.004105670356365211,8.556704786647077e-05,0.013912731150183703,0.002090723230320396
553,0.004183657968438057,9.001099338940147e-05,0.013770581627054917,0.0020334872136521616
554,0.004158637776329915,8.653017498666559e-05,0.013116269904367674,0.0019875823584740242
555,0.004116255971921799,8.468018025687412e-05,0.013228780211455233,0.001993302185422223
556,0.004163477298920485,8.209352330346733e-05,0.013633432448070668,0.0020751237964380183
557,0.004167455418952546,8.443826604698984e-05,0.012986153571570402,0.0020140758584506367
558,0.004159279716530454,8.029849561505489e-05,0.013217478015287379,0.0020137133491372025
559,0.004094715190328969,8.79376742586102e-05,0.01356525465981751,0.002041128071816021
560,0.0041984696540549515,9.117084701123697e-05,0.01334210896913875,0.002026902715490887
561,0.004138058078468215,8.67041479573466e-05,0.013011182120242557,0.0019338944070752392
562,0.004139649877616845,8.560654004223949e-05,0.012993888193988149,0.001933433760320097
563,0.004106515285713039,8.359503258171458e-05,0.013173791223717545,0.002088359063314868
564,0.004078268910096002,8.201440973884185e-05,0.012791701905515712,0.0019274553472115675
565,0.004131024783501976,7.949368577647656e-05,0.013133465164396542,0.0020066755254603947
566,0.004113691870456016,7.704302261861349e-05,0.013268546878193684,0.002013675854730247
567,0.004127526397289205,8.01459578956158e-05,0.01313143567604611,0.001993720918878973
568,0.004244058365940679,8.621932495152025e-05,0.012932683799156783,0.0019222964496630867
569,0.004075283001835667,8.449002610457668e-05,0.013088300346939622,0.001998336393824996
570,0.0041138397276529,8.109180719020861e-05,0.013259756889206586,0.0020139561376516283
571,0.004160976213112672,7.830194447069862e-05,0.013281164506592152,0.002005532689051223
572,0.0041011196743526955,7.765163461663731e-05,0.01296086943036081,0.0019940537360453644
573,0.0040979961884126575,7.863579159377882e-05,0.013456803318637344,0.002066221130188456
574,0.0040992641349645335,7.72610194451793e-05,0.013178552625028553,0.0020502124233288915
575,0.0040946247626251825,7.827028346188436e-05,0.013078437335573335,0.0019733158233367363
576,0.004093816250690149,7.654675507525485e-05,0.013589800562129805,0.0020632605127026927
577,0.004067601737417564,7.836393237285421e-05,0.013278681464918845,0.0020086350665007185
578,0.004142602250518228,8.347224615440246e-05,0.013496660677537273,0.00198400380912255
579,0.004083987267000933,7.750494546512475e-05,0.013220329499889832,0.001924284817168099
580,0.004093037149780376,7.811590946226791e-05,0.013304726337853647,0.0019753974963489162
581,0.004147756148480276,8.129472577817249e-05,0.013171287792401745,0.0019561078046270823
582,0.004083722456227351,7.882922379840688e-05,0.013974177237871466,0.0020113811540627075
583,0.004113679291846889,8.11074353532258e-05,0.014353088053893175,0.0021925910539070874
584,0.00411697413582893,7.993682838475974e-05,0.014136517953146126,0.0021330944338890712
585,0.004157993166987207,7.905918199497279e-05,0.013103892431526586,0.0019600273158928588
586,0.004161972023578566,8.759220253879571e-05,0.012498942940859802,0.0017793110415392666
587,0.004376731322947252,0.00011794152187368912,0.012597545174980499,0.001802569080850754
588,0.0044628743811761925,0.00013905491087538768,0.013050189401356146,0.0018721961538260726
589,0.004172785128395962,8.940769983109584e-05,0.012862753205537944,0.0019012479786770743
590,0.004109418306928199,7.763893192718864e-05,0.013068456732396604,0.0019116709992512736
591,0.004068266684694052,7.528454264367348e-05,0.013275954969511028,0.0019589561704457165
592,0.004037351699407874,7.145116136729927e-05,0.012897975618691979,0.0018877378810044465
593,0.004053353174844537,6.960510890799758e-05,0.013034675282654383,0.0019617626386984107
594,0.004059285110928571,7.230449879825894e-05,0.012995881062395723,0.0019068123277107914
595,0.004071500838226054,7.284944006697366e-05,0.01424317185640557,0.002104452131192712
596,0.004079258858629931,7.175876385449711e-05,0.01338983784099757,0.001930030503327417
597,0.0040548027461189285,6.945817315546911e-05,0.01311933100208122,0.0019008895587047912
598,0.004064132727703837,7.333228213714455e-05,0.013244527362792797,0.0019403661125947085
599,0.004048976896706076,7.404697808478298e-05,0.013155964339639227,0.0019056494213073648
600,0.004051928883400735,7.047523223512839e-05,0.014401450610583932,0.002157603084129576
601,0.004026965853428829,7.32218184881283e-05,0.013725544341426614,0.002022092350550838
602,0.004104050442031071,7.076746647594985e-05,0.013590109623993272,0.002026569643232313
603,0.004104634065237676,7.225860575007342e-05,0.013226482473677702,0.0018808639487427033
604,0.00409659310801755,8.260105563120291e-05,0.014810617875912233,0.002185607372787172
605,0.004098669772333831,7.461323313186646e-05,0.014731207450031494,0.0023043106088369686
606,0.004234359770510417,8.458893375368098e-05,0.013177577455509577,0.0018523416928781216
607,0.004112200376829097,7.437353299086985e-05,0.0129838351280558,0.001837651562739768
608,0.004037909603238588,7.001504504600089e-05,0.013151390515792104,0.0019362153633369868
609,0.00404346144019835,6.951054295965814e-05,0.013216297106743352,0.0019707455231757244
610,0.004066704416084511,6.856606730508583e-05,0.013333434845006327,0.0019903976727974376
611,0.004067206032443154,7.115536359914907e-05,0.012858047168578534,0.0018777541644888196
612,0.004122489140839971,7.440988689465239e-05,0.013486201962801498,0.001965132572793013
613,0.0040310296759420135,6.902773192599396e-05,0.013006437476570194,0.0018966386005378193
614,0.0040278132467534205,6.993492478399511e-05,0.013830050520771584,0.0020635544853865105
615,0.004079168113993176,7.009816522181453e-05,0.013245729015622017,0.0019904754959341347
616,0.004064590648478853,6.870898778418074e-05,0.013774817151831624,0.002050723657889919
617,0.004054886988760769,6.957063200200333e-05,0.01399343988290735,0.0020916455506923607
618,0.004034156732247016,6.889690884384889e-05,0.013779536095472509,0.0021088131178603723
619,0.0040580551299362125,6.753540980473204e-05,0.014529552098690526,0.0022384505164817236
620,0.004023349770883049,6.920749600908926e-05,0.013760507506139528,0.00201309496060878
621,0.0041077432471430175,7.495438929759197e-05,0.013787131021045987,0.002025647137720957
622,0.004132648884803906,7.393312566715332e-05,0.013371491454702043,0.0019555109207696104
623,0.004090104908983404,6.820964641760164e-05,0.014081013689607087,0.0021390578181337138
624,0.004043854639366156,6.880370927167587e-05,0.014561299621651801,0.002263018962192243
625,0.004020680829673694,6.490884466126804e-05,0.013828166758962321,0.002093854652838558
626,0.004056441420140347,6.671847411939693e-05,0.01437916336519434,0.0021819349068324142
627,0.0040326442258758295,6.7829011211476e-05,0.014069973315352834,0.0021380440555863692
628,0.004072364034155958,6.924997721412374e-05,0.012788788053139254,0.0018884141139982157
629,0.003998075039550917,6.823602965675902e-05,0.0139050418942772,0.0020931231281804906
630,0.0041008232813859674,6.683869117230422e-05,0.013743239798774289,0.0020837789061441685
631,0.003973582203538925,6.734049888405111e-05,0.014385135044090894,0.002161790543352061
632,0.004073701989695345,6.658529861494084e-05,0.013136399885954102,0.0019258289250971353
633,0.004074864028846781,6.443660426911172e-05,0.013800578068522428,0.0020358316068695968
634,0.0041148790832035275,7.043420278421093e-05,0.013630946308670455,0.0020399574269980058
635,0.004068182674661533,7.107661165895403e-05,0.013319681649133316,0.0019306772827026811
636,0.004141151215420759,7.826159276321583e-05,0.013211843044965818,0.0018597880374703446
637,0.0041304954700349,8.316009465481689e-05,0.014732318673597415,0.0021040972262909652
638,0.004086752380102788,6.936976188788964e-05,0.013082083206722476,0.0019237925457041124
639,0.004057096914979612,6.70826113228965e-05,0.01511001426553884,0.0022652887034099642
640,0.00403778045659552,6.377206265406061e-05,0.014426102826297776,0.002142000203587528
641,0.004030544696350939,6.447930945537181e-05,0.015138738003824622,0.002215697968736004
642,0.004002189433676662,6.047695737643948e-05,0.01505192862098901,0.0022936279898288117
643,0.003986107007097524,6.165265750572554e-05,0.014690194826338761,0.002189321464230422
644,0.004041806020076341,6.605039754396902e-05,0.014547646009449583,0.0021338370837754414
645,0.004046897850966102,6.529722433495013e-05,0.014786882201881943,0.0021730974127325718
646,0.004030105993842189,6.51508859687142e-05,0.014114803822698774,0.002130195342370699
647,0.003992355546821971,6.359854892546713e-05,0.015047048794457207,0.00216611193028311
648,0.004025811507426797,6.517711154151843e-05,0.015039778363872443,0.002188937652430926
649,0.004043682595226248,6.295097627351929e-05,0.014261367160284163,0.0021992161580675013
650,0.004006218617098554,5.9879831496584626e-05,0.014852120020636512,0.002240301791260702
651,0.004076132599969072,7.186485746619613e-05,0.013292144527597144,0.001927629851803395
652,0.004101689231666973,6.914093553500209e-05,0.013844880478191405,0.0019755499151689333
653,0.0040182906708471165,6.266245719060284e-05,0.014669844705691647,0.0021870798096907847
654,0.004023579899628891,6.165038628348188e-05,0.01450140598085123,0.002130625200453438
655,0.004009096676522703,6.382419428389234e-05,0.014301812701815407,0.002129256567553099
656,0.004028550700635115,6.03806351095384e-05,0.013900297565928458,0.002033464027680873
657,0.004041157121957765,6.304455852596254e-05,0.01449177391898035,0.002139291311696612
658,0.004011878189135045,6.418503863415891e-05,0.013745337841871954,0.0019705270900138936
659,0.003978289130405866,6.490501894918124e-05,0.013541752266672915,0.0020243182511244084
660,0.003972364820189377,5.8570867234874825e-05,0.014279551514954806,0.002131232714906604
661,0.004007115387340066,6.0762346172249095e-05,0.0134079127220918,0.0019055265384060886
662,0.003961018670860239,5.7621267743920706e-05,0.013546040802053022,0.002069248497297325
663,0.0039387959238857085,6.118975920453314e-05,0.013720421290136134,0.0020357714903057903
664,0.0040205248362409525,5.855533691645614e-05,0.0133478865451457,0.0019650983501818195
665,0.003975897689682818,5.7517449828885334e-05,0.013086290787967131,0.0019416669726241473
666,0.0040005029563370655,6.330021682785243e-05,0.01376916192678599,0.0020350057883908013
667,0.004019429252089883,6.049910771486478e-05,0.01390577787194179,0.0020108699827446888
668,0.004047643260042335,6.0755125839054214e-05,0.013408516066469598,0.0019320085148378803
669,0.003984267498940201,6.114478486940932e-05,0.013368430228237778,0.0019906046316536478
670,0.0040706428097199805,6.467421092297056e-05,0.013694485109021874,0.002034191603638195
671,0.003932807272293042,6.002175152675262e-05,0.013352323889374634,0.0019142324751453468
672,0.0040246088335736735,6.28669930304606e-05,0.013501980806090283,0.0019917114471938824
673,0.003991930220123848,5.6991481616462704e-05,0.013320567646828659,0.0019436144134698941
674,0.003994105355867216,5.9546121252240916e-05,0.013296407589608717,0.0019219639637214148
675,0.004001398150766615,6.0277762778724006e-05,0.013725503484274428,0.0020380419435072844
676,0.004012473806218305,5.909378204307597e-05,0.013827459138836588,0.0020332383047443367
677,0.0039735237094874675,5.9009283996297565e-05,0.013315527579617618,0.002018794804428502
678,0.004041009367011601,6.0281604668274904e-05,0.014352859124319245,0.002121635501017884
679,0.003993326819770945,5.870314703488579e-05,0.013820494038657292,0.0020081542571996945
680,0.00396812151712029,5.666052014889258e-05,0.01338257743754973,0.002000130459797123
681,0.003925976593989327,5.747072440890095e-05,0.01368061405381447,0.002045266566734872
682,0.004031752916530993,5.9340628102207795e-05,0.01397278901368429,0.002159192315355311
683,0.004014240425990137,5.7451571337498304e-05,0.01345953702408549,0.0020597272364796405
684,0.004019616925982694,5.931425323048812e-05,0.014624412664187616,0.0021622522002124975
685,0.003938539160376578,5.971820424538202e-05,0.0136201602463851,0.0020079667794308856
686,0.004017030604682976,6.114785347794853e-05,0.013995903317464998,0.0020467814857505233
687,0.004044743604026735,6.458011399227377e-05,0.015851774454943294,0.002258659485574898
688,0.004035314909331217,6.734509457331499e-05,0.01559646714891967,0.002165248235012058
689,0.004023390282972401,5.58628105435234e-05,0.014804248697284781,0.00206513716452809
690,0.003941477017880846,5.507803139161757e-05,0.014471071138546265,0.0020134365436658016
691,0.003975856737605519,5.559680208429227e-05,0.014155215283837293,0.0020271997269229896
692,0.004031789011035129,5.667126415785688e-05,0.014433119086770724,0.002097226087972853
693,0.0039940443533532915,5.2478131670577986e-05,0.013937361158325725,0.0020989485543660875
694,0.003938984959350878,5.503435596211557e-05,0.014460387101569614,0.002059249473214905
695,0.003987279221744847,5.626469333980023e-05,0.013259829314185047,0.0019159953781910123
696,0.003972629428232096,5.479782150027842e-05,0.01326578754055875,0.0018991956408443015
697,0.003940074759917936,5.2202744149682656e-05,0.013527577574864424,0.0019994106953030773
698,0.004382982521633062,0.00011929690841332094,0.015288163156908573,0.0019646915618718804
699,0.004217371028076022,9.070809125518377e-05,0.012992348529657485,0.0017212934135326372
700,0.004051373976711255,6.706064114525651e-05,0.013819246788799072,0.0019448400298341653
701,0.004126715805813557,7.739767422377837e-05,0.017484624125371804,0.002536227914951094
702,0.004160518400342745,8.664952417240901e-05,0.014624308262001846,0.0019073032235851224
703,0.004014698020536665,6.241963443182211e-05,0.01434978397273218,0.0020342363003517626
704,0.004042348054241205,6.0587692743049645e-05,0.014670555947798718,0.0020858713604029137
705,0.003967713480089356,5.4877028575569946e-05,0.014501924721357591,0.002038972955673165
706,0.003898532173203255,5.219813337378638e-05,0.014621494596188778,0.0020793569715140815
707,0.003917684377535838,5.129863725994148e-05,0.014464981808475164,0.0021127780525199607
708,0.003923440634046359,5.129949835214789e-05,0.014431162936989194,0.0020995362756366376
709,0.003959028007809654,4.911749195684501e-05,0.014123238423462981,0.0020225338837267163
710,0.00397886818331514,5.083920450488222e-05,0.013839200234645053,0.0019970970829520512
711,0.00398185279994084,5.125118200439206e-05,0.014026903647571703,0.0020840088089256136
712,0.003954252399001342,5.210659604193931e-05,0.01476133223283814,0.0021293028932138397
713,0.003946292158765116,5.0346335213910295e-05,0.01384219777267673,0.0020052479075883525
714,0.00399035627479194,5.191758382940305e-05,0.013931708519087968,0.002012811221005218
715,0.003997712663884767,5.476231244142668e-05,0.013473938694162085,0.001956580824039731
716,0.003957610395860933,5.338322748840349e-05,0.014235106400917253,0.0020310845954271592
717,0.0039553397167792735,5.650703806660954e-05,0.013702055109381083,0.001971254845858426
718,0.003993153085616973,5.520669848523256e-05,0.013606928413832523,0.0020127860284958766
719,0.00401471268709664,5.60813491760539e-05,0.0136751746812786,0.0020911313700792303
720,0.003972583097147228,5.268028036652185e-05,0.013507645248762325,0.0020779746701611885
721,0.003958548012609193,5.39473556810462e-05,0.013993260953328665,0.0020302236706335698
722,0.003969894136043669,5.5316166195836366e-05,0.013385624912357735,0.002060466690401628
723,0.003934083648996264,5.300676711799791e-05,0.013534981468291522,0.002091631110289615
724,0.004043384163884779,5.5871400703474735e-05,0.01416756240003403,0.002192861128033529
725,0.004000085639721314,5.616965013195469e-05,0.014221618044504662,0.0020981714662761173
726,0.003990181151179052,5.3649545217763346e-05,0.01375246935736832,0.0020547370045067704
727,0.003980273254279458,5.391225932827164e-05,0.01340270649629417,0.0020413725373423074
728,0.003916367402870364,5.324657499737379e-05,0.013284655802093742,0.0020601638828501388
729,0.003963287678076231,5.537168776962187e-05,0.013507307359843903,0.002023270675672152
730,0.003926200590347836,5.4534995461998466e-05,0.014362534229791668,0.0021547154735061433
731,0.003970928720336677,5.547624849154464e-05,0.013910717907552885,0.0020662440015829942
732,0.003968162465656439,5.6080978926769356e-05,0.014242872800863046,0.002102892866058642
733,0.00399790881839032,5.024450497620311e-05,0.015074717523129225,0.002181748494702285
734,0.003965148692968312,5.37679023864257e-05,0.014574852389659708,0.0021242679112948577
735,0.003952732104312331,5.374366009714789e-05,0.01404496870120827,0.0021190030533733274
736,0.003978251336592147,5.400117732602224e-05,0.014657124639519596,0.002206290633224347
737,0.003987809331085491,5.5142206993366256e-05,0.014181913537380365,0.002132604252877576
738,0.003955660284294998,5.331567681989894e-05,0.013822181144149492,0.002031423512713048
739,0.003994956492187859,5.4459242233037965e-05,0.014261084789138855,0.002137001324657024
740,0.003959862063833629,5.3626274370194185e-05,0.014869364544391533,0.002275355523311462
741,0.003947803839162955,5.120485905656214e-05,0.013371359914639927,0.0020154747540824694
742,0.0039836145152192665,5.1845417673806696e-05,0.014546990762341349,0.002218650049849052
743,0.0039246743407716595,4.904919262571639e-05,0.014179079404057602,0.0022040862768215037
744,0.0038768320362979527,5.0704660330638565e-05,0.014407748014154221,0.0022421255057000337
745,0.003940128766446456,5.2317609381736106e-05,0.013658029264739609,0.001988012769481357
746,0.003989558031307993,5.255007123306926e-05,0.014503617649157809,0.0022020465980346748
747,0.003948206106553159,5.119600953154568e-05,0.01405273428007911,0.0021327803069592643
748,0.0039058383917188124,4.9876387012113764e-05,0.013545072034605785,0.0020129861215344206
749,0.003927134474944819,5.145505219635982e-05,0.01350082096949047,0.0020214258952274268
750,0.003975927639405593,5.416067585797412e-05,0.013869309790944372,0.0021204079647765524
751,0.0039760211722557025,5.004260709590126e-05,0.014235301683379324,0.002138898118718262
752,0.003930494655366322,5.107197964601673e-05,0.014358425414997666,0.0021833910912584472
753,0.003941610806972185,4.897007788747963e-05,0.013788292576120981,0.0021017146218401945
754,0.003950190158497131,5.1450417850275075e-05,0.013289947539956512,0.00204569060012443
755,0.0038975622454488173,5.409721949535587e-05,0.014193782655349532,0.002053623719941532
756,0.004048611621280332,6.394448456279439e-05,0.015194463828079008,0.002271868783860338
757,0.004121249014008861,8.047524122745162e-05,0.012920607513569247,0.001686458889509101
758,0.0048459782592683125,0.00021326000380918837,0.013414442220036656,0.0015333888715264906
759,0.004687667077145196,0.00017353007133489966,0.012074689831066606,0.0015256656660981298
760,0.004156104425329559,8.546388662649448e-05,0.012882615838952314,0.0017584551270609407
761,0.004093901636680949,7.092513786416926e-05,0.013393069717675348,0.001878658181020916
762,0.0040755493027696335,6.404823352395294e-05,0.01295474825491697,0.0018543722370133692
763,0.004170054744242092,8.460756271579365e-05,0.013045561129060752,0.001853793455666164
764,0.004007070805140888,5.6923522383615684e-05,0.01309289322589333,0.001917572046403807
765,0.004067394087009642,5.847098992717292e-05,0.013411636492052417,0.0019359331136062088
766,0.003931629822054744,5.188650803957992e-05,0.013511937605032068,0.002028910740946893
767,0.003916398377756202,4.771722291122764e-05,0.013673454141460161,0.002036913318211823
768,0.003961419690658866,4.72017021973671e-05,0.013675152872294335,0.002041282781779678
769,0.0038926253584833257,4.4548570950764045e-05,0.01381917999724284,0.0020884011834962
770,0.0039334942014824185,4.879116768115083e-05,0.014184159370885532,0.0021338961849094945
771,0.0038466338712736226,4.598703849655509e-05,0.01386962477996674,0.002136640265427487
772,0.0039423205756968305,4.648791450900465e-05,0.013685966831083033,0.0020730751280971403
773,0.003936985612514043,4.4948978925788843e-05,0.013568738309685018,0.002111633516102567
774,0.0038748508962862787,4.3962421346621774e-05,0.013666771689972637,0.0021040564722549985
775,0.0038910773219788595,4.494686737276432e-05,0.014099189592216978,0.0021719608404049155
776,0.0038849552048674783,4.597811080508349e-05,0.013361291599842343,0.0019389317673047972
777,0.003890579744302331,4.60560060549249e-05,0.014046782449609446,0.0021501732373255303
778,0.003950578510715226,4.6720649958735636e-05,0.01321023063956211,0.001970542014665348
779,0.003920920261805134,4.9423448259064915e-05,0.013247040350958458,0.0019568337115471865
780,0.003937775723303282,4.929682136004536e-05,0.015314373378148487,0.0023389998883756214
781,0.003903872759290351,5.1356217399121174e-05,0.013736694825301255,0.002082433177151298
782,0.003939552436681896,4.848670839013541e-05,0.014656614828299707,0.002213764416621223
783,0.003927780241801088,5.0820055412086626e-05,0.01418929434510947,0.002133221048212206
784,0.0039603079641733615,4.8504741066945576e-05,0.014567551477534683,0.0021162875597916437
785,0.003965203424547392,4.9491155750348976e-05,0.013914979231044256,0.0020803304315444053
786,0.003941491855301332,4.792518518462365e-05,0.013327771208760952,0.0019617769651553234
787,0.003965334145231846,5.2634372529537496e-05,0.014509451633399438,0.002169259159939652
788,0.003923668507521993,4.885396948992998e-05,0.014838356305752566,0.002237681213557984
789,0.003922555001165732,4.99316316128557e-05,0.014044057094455012,0.0020947814521527024
790,0.0039029863721446734,4.836220270465781e-05,0.014529904120891595,0.0022594812001124416
791,0.0039293783913391285,4.660808530282411e-05,0.014946926904792915,0.0022239131193426097
792,0.003984570016326673,5.005747009030556e-05,0.015471734020192892,0.0023512497135871305
793,0.0039132249177727466,4.805175041912434e-05,0.014744765990234863,0.0021091703913031557
794,0.003922063547466304,4.8226309915114454e-05,0.014671703333355832,0.0021921683765681065
795,0.003922646242891484,4.719564182740373e-05,0.014543003171361637,0.0021987256578655276
796,0.0039166096582860035,4.7287503999613274e-05,0.01369717261763228,0.002024097737628968
797,0.003939429199776325,4.795324591565015e-05,0.015281564250761112,0.00221900468903379
798,0.0039714945656399705,4.869573009885247e-05,0.014950589627638114,0.0022034057957044688
799,0.003950248500279119,5.1326044606991565e-05,0.01533016833994809,0.0022670302692642135
800,0.0038733206062574123,4.603613352134083e-05,0.01562930273804937,0.0023443823258504975
801,0.003946532166435493,4.723252337287327e-05,0.015173290855411612,0.0023254145828996236
802,0.0038786521438197606,4.6856949725868776e-05,0.013987502183407446,0.002073070261589755
803,0.0039038319351371135,4.983106817266795e-05,0.01537649949861456,0.0022644120727872727
804,0.003868348333903167,4.675143244883712e-05,0.014354904145249073,0.0020800475649714327
805,0.003922182719573775,4.734549188430923e-05,0.014393503254970276,0.002088236630523122
806,0.0040042540102758,5.6136892746513426e-05,0.015399230398940823,0.002150024966210927
807,0.0039622585586636914,5.031712188336058e-05,0.01318579447912114,0.0018252664371934259
808,0.004244573846346072,9.808661996869571e-05,0.0170491355061161,0.0018138648634306186
809,0.00403086321708169,6.942913908031657e-05,0.01410042035967013,0.0017594730980992656
810,0.0040042884780639365,5.334761393837981e-05,0.01390008064794866,0.0017913999371323118
811,0.004098826664333505,7.233051055983843e-05,0.011665305566807456,0.0015151238421219886
812,0.004002722984130278,5.187182214916826e-05,0.01185526232780975,0.0015901521538092835
813,0.003935050348992045,4.696794503797373e-05,0.012601066540328429,0.0017420807838885559
814,0.003903458665121531,4.3996557253485106e-05,0.012407606688870846,0.0017414059878482302
815,0.003921510927917387,4.38666224567464e-05,0.01237915521826817,0.0017343947298732079
816,0.0038341778541203346,4.183594416568121e-05,0.012468566892927649,0.0018495993579454803
817,0.003938010635700771,4.6192928923081286e-05,0.01315266511939614,0.0019098367198685142
818,0.0038706830493794196,4.423866270862139e-05,0.013444881908601729,0.001974557780995865
819,0.0038765799865027456,4.344669660357563e-05,0.012877151490318657,0.0018031551662475158
820,0.00392456441505072,4.21340592266394e-05,0.01314507542788637,0.0019250423748049823
821,0.003929957102084738,4.374360289306814e-05,0.012861385150498013,0.0018399691962138194
822,0.003916169414491509,4.1596848136493755e-05,0.01308532649749853,0.001894767254186522
823,0.0039007514338947466,4.288889036144987e-05,0.013842234807397356,0.0020333070640013912
824,0.003840202318253031,4.359278756466662e-05,0.013928138605466989,0.0020450041390857538
825,0.0038769884480290935,4.4219005842372604e-05,0.01344139278181736,0.0018769182434272011
826,0.0038911525152106646,4.223972008144768e-05,0.013406416287164618,0.0019273427474669632
827,0.003903983562331321,4.570333986815667e-05,0.013579352246134832,0.001945347400247339
828,0.00390726372381821,4.7033520101352226e-05,0.014278095061366526,0.0021099006747177878
829,0.00393159079149422,4.761815030262988e-05,0.013800795090582147,0.0019216520970124274
830,0.003940269092944214,4.8368960095755693e-05,0.01344023108642721,0.001932121457510172
831,0.0038947711214901235,4.57544625609801e-05,0.013465542653082124,0.001894576773446902
832,0.0039441708400987175,4.358591278250693e-05,0.013385776593812451,0.0019552564906386775
833,0.0038967552752421724,4.355123700408422e-05,0.013788997943494592,0.0019828214705878344
834,0.0038757870472195654,4.395732716651066e-05,0.013494556223116322,0.0018999205326478558
835,0.003954099556307234,4.6871649597275926e-05,0.01301442601236928,0.0018810309677112836
836,0.003913905336778299,4.340709573900244e-05,0.013603495746937316,0.0019893291098032812
837,0.0038218090634708057,4.262340412303202e-05,0.013719056163982347,0.0019968960150797423
838,0.003892815697091869,4.679438545813856e-05,0.013402281996689193,0.0019514856154297822
839,0.0038928557089937164,4.802366263560156e-05,0.013064298969200066,0.001833467795728476
840,0.003937267285803538,4.5400762672357715e-05,0.013710757457675868,0.002013833735626101
841,0.003896949753898263,4.876424877214614e-05,0.012601971509095453,0.0019360452056961675
842,0.003885256829441387,4.400363798618659e-05,0.013476749727138571,0.001982205156454202
843,0.003921925019430343,4.7586557307614684e-05,0.013931132900059864,0.002065777442666578
844,0.003882999271650165,4.497621038117268e-05,0.013452875685403185,0.0020305516164499686
845,0.003959859241536702,4.329182189783962e-05,0.012891472594053885,0.0019294076709356043
846,0.0039572324528546554,4.374670010411345e-05,0.013332036908234883,0.002009242272520741
847,0.00390773559185701,4.336984758835998e-05,0.013605100843617508,0.00206612274523168
848,0.003907368506903374,4.335964505802442e-05,0.013839269919623158,0.002106301440782519
849,0.003899887850872832,4.34557620160808e-05,0.01445181382086054,0.0021801981128619628
850,0.003939795814642237,4.47363076849749e-05,0.01334110659775355,0.0020078200837658927
851,0.00393079701782746,4.58886303456207e-05,0.01290236026918306,0.001989789615683115
852,0.0039167167643658785,4.532034036203908e-05,0.013485676951287006,0.0019861359247045508
853,0.0039024920791065312,4.4852368864818664e-05,0.013099471899674626,0.0019225117067369095
854,0.0039056704964793285,4.206672167713428e-05,0.01344640835169826,0.002106727633800374
855,0.003934476418356932,4.7962331112292464e-05,0.013407385607391891,0.002014746606227651
856,0.003932783777202292,4.632581008928863e-05,0.013388549170413653,0.0019961652930778535
857,0.004776165917154558,0.0002101039749889427,0.011297513524206071,0.001364478914882249
858,0.004092327299166627,8.571530411625873e-05,0.012090247910815161,0.001671556136446553
859,0.004045260608897407,6.72734404322204e-05,0.011381734979018223,0.001459838473743995
860,0.003979409623894656,4.9862956418020205e-05,0.012068654933253563,0.0016621416563540928
861,0.003989476861056833,6.611560504785897e-05,0.011622292638774838,0.0015797832166567515
862,0.004372970474628951,0.00012063810793270472,0.010631352319190933,0.0013184481016024854
863,0.004564075305360324,0.0001394712469451897,0.011372597584352884,0.0013194771904004152
864,0.004084465028842054,6.958128890026536e-05,0.011738260802411974,0.0014690536036442723
865,0.004040496153827799,5.557498327267973e-05,0.01204583764813273,0.0015871671355323286
866,0.004014707008861855,5.2056954008611175e-05,0.01189494600044625,0.0016497087067454538
867,0.003912822375722059,4.5310056276310744e-05,0.012237890764596002,0.001706221032384066
868,0.003918570781944624,4.4118064532045784e-05,0.012452187961035267,0.0017457688322943398
869,0.003888769536509317,4.3669692874751326e-05,0.012973487428050266,0.0018769810022959727
870,0.0038940494489668382,4.077486812591386e-05,0.012550351531429846,0.001796276676875234
871,0.0039294601122391885,4.052087859399451e-05,0.012152070271326167,0.001762237405345759
872,0.0038642426682706965,4.084490623227697e-05,0.012277360990125415,0.0017531460183432645
873,0.003922390670979488,3.8838240047738824e-05,0.012225142377891287,0.0017764544409267229
874,0.0038822485003868266,4.0510909885604276e-05,0.013040477013684168,0.0019230667105316962
875,0.003874686420912865,3.942060808927262e-05,0.012519712068004818,0.0017863492332783409
876,0.0038789668573711083,4.032152268827279e-05,0.012491630593049556,0.0018123492356475531
877,0.0038265592702788377,3.940178739257906e-05,0.01234265962085187,0.0017991416202164225
878,0.003910209574584386,3.9575158403990154e-05,0.012441933443399751,0.0018406556700336068
879,0.003854382795125898,4.079891428518801e-05,0.012712023236375573,0.0019171907247285264
880,0.0038925854528159922,4.069007190852177e-05,0.01247940489726252,0.001830293727341044
881,0.0038636646993961115,4.088122262983156e-05,0.012741708019378269,0.001875481503395578
882,0.0038619571969182205,3.914277184556089e-05,0.012904937948032423,0.0019642164814478676
883,0.003842650234571768,4.047827626119991e-05,0.0124880386738489,0.001772483961457396
884,0.003914561617531647,4.265398154628533e-05,0.012645954384147775,0.0018547847621508686
885,0.0038783045728184536,4.098548780223284e-05,0.012709888989654746,0.0018641333335595027
886,0.0038302143183165005,4.32200229274406e-05,0.013980332288632033,0.0021058164199367815
887,0.0038933550249324834,4.0772249497226924e-05,0.0128044231867245,0.001888516333830367
888,0.0038911204492078364,4.214010807570615e-05,0.012678862990355057,0.0018597090197274143
889,0.003843956458304403,4.1073336944250324e-05,0.012681645856991362,0.0018421513712214227
890,0.003889419421723587,4.294204124197981e-05,0.012504071170704699,0.0018350429876446523
891,0.0038298667110184016,4.3883793061395546e-05,0.01220562503000857,0.0016983252082101766
892,0.003889449611359308,4.436144288683171e-05,0.012393907629206332,0.0018268650212651465
893,0.003906620542001787,4.510266947217887e-05,0.012917471361895468,0.001940375454912239
894,0.003949083159890153,4.322581058753576e-05,0.013400563878463643,0.0019824855992539104
895,0.003938511795693648,4.6090997774472996e-05,0.013914844217796546,0.0020419376841352118
896,0.003828629142668509,4.240360879490053e-05,0.01304124906236639,0.001936326182001854
897,0.003937558313927298,4.065846983409424e-05,0.013395557186214735,0.0019758002069182787
898,0.00392336455951073,4.273031751322707e-05,0.013147268647062808,0.0019371116594757401
899,0.003909620325374966,4.608673400452246e-05,0.012239582343212027,0.0017191144118062567
900,0.0038808752758740074,4.358816902034987e-05,0.012651411316894142,0.0018831867433401922
901,0.0038690243297904558,4.4131713800799475e-05,0.012616282481613833,0.0018946770140137955
902,0.0038700464492337954,4.238673474215145e-05,0.013823552049437401,0.002100417513121035
903,0.003831087277862226,4.155907245198849e-05,0.013110790599063532,0.0019793156350607017
904,0.00388489971813806,4.084919188380982e-05,0.013001208542846143,0.001942770174784094
905,0.003856989623670654,4.0219732710295244e-05,0.013338228767824095,0.0019892036332700646
906,0.003937076741365624,4.362228521724402e-05,0.012477962352606831,0.0018333682766016911
907,0.0038623340514633707,4.190655253361105e-05,0.013958321491854622,0.0021150201355099032
908,0.0038708085393419794,4.024819275993625e-05,0.012705882442251638,0.0018861757547446003
909,0.003832586413291867,4.007507672230109e-05,0.012558492265228453,0.0017993258912273758
910,0.00388266976228685,3.986847765440287e-05,0.013492959005671818,0.0019970250923024833
911,0.0039016361314690045,4.12485112272315e-05,0.014429342573730658,0.0021388390899221652
912,0.0038903833246531367,3.975563575436086e-05,0.014006300674387507,0.0020886697714962528
913,0.003924232390585281,4.378483126850252e-05,0.013976920409966877,0.0021023700900459877
914,0.003870963179169952,4.020028179569594e-05,0.014267623779943695,0.002150848030462701
915,0.0038641419375896055,4.1273996212094964e-05,0.014655694824994991,0.002303656975846928
916,0.003810405840091549,4.332832527847046e-05,0.014932203923031342,0.002187027724368746
917,0.003878528751988856,4.012525480706229e-05,0.01413071515047861,0.0021155346486246597
918,0.0038605990338036545,3.9939099461113856e-05,0.014162669474080156,0.002136063426291159
919,0.0038786952803442575,3.945208146284452e-05,0.01464466915761941,0.002144507781482413
920,0.0038632471092264857,4.270968819629894e-05,0.015300667089940548,0.0022708014530749008
921,0.0038405672886971907,3.9894221996469555e-05,0.014693092139258932,0.0022824870154621243
922,0.0038784066407264923,3.898271258938994e-05,0.014361305143807502,0.0021859509360852005
923,0.0038309987176726695,3.8831440995034796e-05,0.015016138649218722,0.0023380449567400098
924,0.0038838805356363948,4.0912475948405996e-05,0.014853984290203511,0.002207376074542878
925,0.003893188449656839,4.3372055559980476e-05,0.01503667088429018,0.0022223332843054025
926,0.0038818394528000754,4.03445451953742e-05,0.01477998520312399,0.002213795355727664
927,0.0038940542675873456,4.0724548447708464e-05,0.01417873549854864,0.002200549764760858
928,0.003881002303138517,4.324789705249181e-05,0.013802264684453508,0.002060053195152509
929,0.003929598192319614,4.0868640421359995e-05,0.014275350119912418,0.002171329340311762
930,0.00382598298256544,3.8001639024243125e-05,0.014566705054881064,0.002293454010298515
931,0.0038764507176899865,4.018296846392221e-05,0.013888341591335734,0.0022121464064534034
932,0.0038870633477982516,3.964845835074632e-05,0.014578694554002623,0.0022646156077392498
933,0.0038330229906676895,4.017085185330074e-05,0.015298448586281365,0.0023798504907791835
934,0.0038481164323484716,4.141702962998549e-05,0.014623611847043581,0.0021347110839828537
935,0.0038900244370202036,4.0961923762631136e-05,0.014692749744836265,0.0023301687888788183
936,0.003869753033489329,3.808973168921484e-05,0.014579619893138081,0.0022332746579683247
937,0.0038423551589130164,4.019998551794076e-05,0.014802298451533281,0.0023029083085629167
938,0.0038377047983837445,3.959493675591808e-05,0.014760561498646803,0.0023094212628714237
939,0.0038625574515806687,4.050042857908111e-05,0.014064408740836708,0.002086694883437544
940,0.003872892151395489,3.900274121960857e-05,0.014881041618711654,0.0023281614514706127
941,0.0038775986502258665,3.838035219400514e-05,0.014086720362515343,0.0021917238097033842
942,0.0038776133141299788,3.911556373447102e-05,0.014238091080838086,0.002186145647203905
943,0.0038682595847047046,3.981542698501101e-05,0.014135507942294541,0.00216117477849902
944,0.003946094146483496,5.6957508306362635e-05,0.014497404610460611,0.002125011774826618
945,0.003885274881341215,4.1021744151037346e-05,0.014497112851306204,0.0022024908947252627
946,0.003932449779873395,4.274561228721515e-05,0.014050761558460873,0.002093395304299767
947,0.0038507472858286176,4.0386683255600795e-05,0.015166960540227592,0.0024209712104409195
948,0.0038896798596189785,3.838865044647308e-05,0.012160253379530958,0.001923398151939784
949,0.00445618408115956,0.00015018977036321068,0.012141758609186882,0.001534466576875829
950,0.004126193599435483,7.611553342065256e-05,0.012844992338969612,0.0016578218210089584
951,0.0039928576146773,5.945738817699264e-05,0.013544969759505266,0.0018428321164292176
952,0.0039584121326898215,4.7864704501064705e-05,0.013344892171914658,0.001926828127152295
953,0.0038848405610061756,4.241890421794104e-05,0.013835295729511818,0.002060203735582879
954,0.0038812186497267152,3.9142821545377604e-05,0.013540914903598412,0.00201850018472654
955,0.0038740580636802565,3.693908954405414e-05,0.014371160294441198,0.00211550806061315
956,0.00386618019724371,3.8453588327647666e-05,0.013800705605747783,0.0020660324673420273
957,0.0038331540681230533,3.7125395742385965e-05,0.015286590119157702,0.002167104571267584
958,0.003877724227389257,3.48465063014835e-05,0.01525688284101421,0.002250205330144566
959,0.003832849377355478,3.415491591328798e-05,0.01509534723560221,0.0022438783478430304
960,0.0038513888909477924,3.6729934083583004e-05,0.015043060762487006,0.0022190689172243796
961,0.003868906536075807,3.631486201446373e-05,0.015432539276488817,0.0023295748453996483
962,0.0038014666496921233,3.431822663707625e-05,0.015257467195046264,0.0023262003402569524
963,0.003859349283010844,3.511887791325436e-05,0.015513448297533374,0.0023221287802210624
964,0.0038314748547896883,3.5873936105400166e-05,0.01516664946229746,0.0022900459600519235
965,0.003871993961152638,3.585935736042931e-05,0.015223698560240993,0.0022633540299906094
966,0.0038394718802757135,3.559456246782771e-05,0.015288839300181593,0.0023620488350358654
967,0.0038199736143572135,3.990187041167027e-05,0.015233634426011796,0.0022431906157282886
968,0.0038359697953312738,3.868097518827852e-05,0.014826723960357786,0.002150469964995286
969,0.0038395206782145305,3.974185305586674e-05,0.015321219484907705,0.0022486155579080156
970,0.003910237174311178,4.109102560427754e-05,0.015212766069067728,0.0022822566697627824
971,0.0038562035922867603,3.789926535902086e-05,0.015453883452920725,0.0023355182698133344
972,0.0038225974913282824,3.85598914698081e-05,0.014792897858015502,0.002200477443260005
973,0.0038308053372158694,4.301954427714814e-05,0.015244643185411067,0.002255077543940695
974,0.0038709718266594093,4.113484020397581e-05,0.014426824843375296,0.002131675941441154
975,0.003934460588086382,3.9691010894379525e-05,0.015103583307381695,0.002242507283038183
976,0.0038849943022672157,4.183835113703347e-05,0.015078839566866984,0.002293642895748289
977,0.00392166173887641,4.448943146184503e-05,0.01509089637023477,0.0022834030562128627
978,0.003837352217097161,3.6768847145354575e-05,0.015452857565640516,0.0023727877507361043
979,0.0037996501191749376,3.925459571168887e-05,0.0156376648444485,0.0023477667917731443
980,0.0038596467693077802,3.822531446004703e-05,0.015016398596151776,0.002322951289729253
981,0.0037993946641209065,3.609594375440314e-05,0.015567557817627213,0.0024057087179250288
982,0.003881954276817408,3.889772625349643e-05,0.01589172407260029,0.002644791560368389
983,0.003845161152826516,3.895089418413421e-05,0.015072356578770606,0.002433553976407706
984,0.0038578012943119096,3.8158928017598134e-05,0.01563524576798328,0.002510393428432785
985,0.0038519305404551866,3.647733520736515e-05,0.015447442693518635,0.002418895222041667
986,0.003904707320149591,3.949503183830858e-05,0.0158107231836766,0.0025540018883078042
987,0.003851711999681626,4.022184985757403e-05,0.015717988459868295,0.002388413096959753
988,0.0038632334850926815,4.027379443888123e-05,0.015220517321915322,0.0023719612709944297
989,0.0038858184860063143,3.891937046303726e-05,0.015650877114601235,0.0023504685680304856
990,0.003905526568631539,3.730726705667688e-05,0.015312162214822277,0.002426532857498387
991,0.003852512673280085,3.6850543016370755e-05,0.01580715438024147,0.0024800638621306783
992,0.003786309187551925,3.729608943352367e-05,0.015168920180926852,0.0023772202824551376
993,0.0038485408405606906,3.7936995487470374e-05,0.015523043041740427,0.0023700779166508394
994,0.003887786551205151,4.0562079977997406e-05,0.015096574232278281,0.0023397287522135797
995,0.003830543520706334,3.8115703535016e-05,0.015119989638506675,0.002360300418108606
996,0.0038469088194757247,3.67886938860212e-05,0.015023926895154973,0.002264087879274972
997,0.0038162789284517215,3.754550241576894e-05,0.015426015880711328,0.0024889918058761396
998,0.0038513629294457375,3.7107841615649055e-05,0.01518845551767516,0.002357849476141304
999,0.0038685723134412116,3.7620232232466183e-05,0.015308760542157322,0.0024998749185100835
1000,0.0038904871511850295,3.936382791292992e-05,0.01518414270237631,0.002378815412350305
