Epoch,Train_Loss,Train_Tar_Loss,Validation_Loss,Validation_Tar_Loss
1,0.18304815302698557,0.064650333565288,0.07256935877318414,0.015808474867672517
2,0.047190412822331766,0.004810797480402422,0.045497871935367584,0.01111143910316812
3,0.025766400577847494,0.0032224885423529624,0.02737877226514828,0.010862630914545169
4,0.020534486176991416,0.0026842900950234993,0.017151695173480454,0.0027764684721883017
5,0.01605899013515151,0.0020176726623576404,0.01939503640084472,0.002856829088406378
6,0.014287466296621603,0.0016746004023536077,0.011275170202866591,0.001273980457489903
7,0.01452986612214845,0.0016067843958815142,0.011277425095179913,0.0012371531109069628
8,0.0134208093648741,0.0014397603300968433,0.011232715658226748,0.0011855464043953017
9,0.012880337766297304,0.0013531596524226602,0.010245372169644924,0.001067955388235767
10,0.012434084021518212,0.00133898559067586,0.012666588319181804,0.001218761187910244
11,0.012152465778321537,0.001253349460641935,0.013703998653156474,0.0015460129623726898
12,0.013175005139251851,0.001430285918484743,0.013362129706124597,0.0013575762878819707
13,0.012562366829257274,0.0013524068144553768,0.009608148749831397,0.0009538225472260218
14,0.011452594442654245,0.0011962792707098996,0.010210484246236105,0.0010892783138601863
15,0.011524236710572141,0.0012365083882767537,0.01079559497017142,0.001270098485660104
16,0.011310919280918208,0.0011222778388808973,0.01058720089865244,0.0009726458404518491
17,0.01136983386701249,0.0011480064472155255,0.008961459122203438,0.0008350423613712746
18,0.01135920990300949,0.0011528806844788176,0.009725532895385825,0.0009140105474168212
19,0.011618266250414087,0.0011393785614568117,0.01046226200160404,0.000976597338634241
20,0.011080301046272308,0.0010779115900144108,0.00892174499732325,0.0008571228335861314
21,0.010106394337419378,0.0009557797170479644,0.010479837629808397,0.0009879574555686263
22,0.010038042221459145,0.0009481830229387821,0.008182137348806325,0.0007646160567601809
23,0.00989496287758756,0.0009299010489208574,0.008902981422459152,0.0008092738378836175
24,0.011141949756418005,0.0010334677841981781,0.009576342087115674,0.0009195131838741089
25,0.009852320479916075,0.000920942940367669,0.009799482677107221,0.0009503867222760983
26,0.010861545728569136,0.00101315227193101,0.00981963170069387,0.0009528029068613684
27,0.011386137459242978,0.001078414100845532,0.009374794940347013,0.0009331227048332587
28,0.010868234919320381,0.001032635851868538,0.012631815620728874,0.0013095641081585297
29,0.010924723110880575,0.001013995637916234,0.01195116211746554,0.0010283083480702626
30,0.011495418874936412,0.0010859227968121352,0.018232203825740822,0.0015798125578713486
31,0.011605035734076067,0.0010881657548825975,0.010987434303388,0.0010490540745791467
32,0.010574505544009091,0.0009913131882487035,0.009035997934614784,0.0008749789388739313
33,0.00976585245340666,0.0008971987050044361,0.008545076614862541,0.0008157468654349483
34,0.009792593219264378,0.0009200606962020541,0.008972804695799553,0.0007943079767545179
35,0.009253944542981372,0.0008351043698434566,0.009145011160127966,0.000864179180345239
36,0.010182879735917532,0.0009942647846975141,0.010387997550038707,0.0009280285481533146
37,0.009891513054269744,0.0009338378803003331,0.008711218941858076,0.0007800880344646261
38,0.009392015417301213,0.0008986820948191568,0.010138975881928245,0.0010554772532438638
39,0.010818788352397628,0.0010167988883234037,0.008953170143129513,0.0008580475121031867
40,0.009180253854963375,0.0008440051162407376,0.00820165289417896,0.000774569861187649
41,0.009274685820883331,0.000842070305211374,0.009218936486922156,0.0008719675757518248
42,0.009329648343173383,0.0008334993781387353,0.008395856045901973,0.0008183442947026096
43,0.008766409404533331,0.000775172531285178,0.008889507833831259,0.0008539358430136526
44,0.009346646445311125,0.0008411875603602803,0.0089446047771204,0.0008584590681168614
45,0.009178213215656154,0.0008256353020487431,0.009054716933975058,0.0007968329350750845
46,0.009245934940435473,0.0008656712114025693,0.008522814759577545,0.0007872195828232655
47,0.00861672902862212,0.0007767312443583227,0.008355680412137943,0.0008146968405749279
48,0.008737725875882198,0.0007862397952061926,0.008255233809302579,0.0008033700779794302
49,0.00885959910830844,0.0007896599151878422,0.008831246831571523,0.0008902837104466281
50,0.008841490800609324,0.0008021253072603573,0.012870874565822497,0.0013369249978098117
51,0.009163397548458196,0.0008351894675071454,0.010501311761974696,0.0010156636988853617
52,0.008872037723363013,0.0008282589066832082,0.008343925358826257,0.0008003881557910882
53,0.009347100627959171,0.0008457788052555252,0.00871266163299662,0.0008212971331055171
54,0.008763273751200265,0.0007893817044795445,0.00873975594842572,0.0008302290138668252
55,0.008251725801376505,0.0007253023309428634,0.008287530608277843,0.0007571806731812705
56,0.008979724250917993,0.0008236415167547188,0.007896161072313885,0.0007252874231006062
57,0.008255072588724271,0.0007286349331611278,0.008226470173712796,0.0007887361353395865
58,0.008137655205415569,0.0007135767557506871,0.008705330790569451,0.0009033881872391254
59,0.008423135465386363,0.0007461672095482736,0.00821880104840542,0.0007817167313638396
60,0.008232738525241954,0.0007366304401575655,0.00784952070144628,0.0007391437728748972
61,0.008347340452240446,0.0007422292663582102,0.008328427790374255,0.0008321356576472668
62,0.008023643368649733,0.0007050439606163077,0.008932338557236933,0.0008598370952662759
63,0.00813425845863163,0.0007085304425324635,0.008289154476350457,0.0008413831587527749
64,0.00795713022259195,0.0006979728152886026,0.009452281089573605,0.0008264380147324456
65,0.008610876164657591,0.0007876588648363077,0.00809281078839539,0.000761177940510016
66,0.007863291826084993,0.0006976436178785122,0.008568967362582091,0.0008447972609698526
67,0.007873081507430386,0.0006895307951120788,0.010233042570484789,0.0010620532557368279
68,0.008284007576241125,0.0007360092343889999,0.0073971572711397674,0.0006847200222893168
69,0.007672119011018893,0.0006633820436596552,0.0074978919147779014,0.0007172311139246757
70,0.008314600302890907,0.000752819149222441,0.008535997026186707,0.0008066325701521833
71,0.008268397644927067,0.0007466141022954264,0.008364158451236439,0.0008340086994171513
72,0.0076425072768908486,0.0006520849901132866,0.00784136085548987,0.0007663610130540767
73,0.007472418861272444,0.0006356280057017334,0.008517715666714488,0.0008741589838412239
74,0.007585083708138747,0.0006564052817774689,0.008155545901309773,0.0007961885672099642
75,0.007346676852901116,0.0006157967387902207,0.008734824400339646,0.0008983294437049629
76,0.008032040404042533,0.0007002228077438203,0.008141358080782637,0.0007563439804585712
77,0.007459060614751546,0.0006340003146691701,0.007685987062949613,0.0007219755263083201
78,0.007485261154201717,0.0006216682679929059,0.0077881908995586615,0.0007581721837782696
79,0.007306770154207718,0.0006141420807348593,0.007845812025387457,0.0007704186183573919
80,0.007558645924443499,0.0006654736620330645,0.010566846102118393,0.0011757516909493997
81,0.008010555966137537,0.0007072797734750711,0.00759266257834997,0.0007264212792313701
82,0.0073084101406680315,0.000623104796546136,0.0077341410072384684,0.0007173062642552082
83,0.008184659701131086,0.0007120719542589655,0.0074004246529487784,0.0006763866499478046
84,0.0076319280925061656,0.0006587078619218066,0.007696609715900279,0.0007253279885398964
85,0.007444446035767038,0.0006370722690958817,0.008336775387261087,0.0008661508048839855
86,0.00732135893192723,0.0006143127016642595,0.007331031667599023,0.0007017773188864936
87,0.007074920858961208,0.0005958732474836991,0.007741618237692542,0.0007611275702118966
88,0.007040570289101948,0.0005834425599307633,0.007834975705605419,0.0007705658498653427
89,0.00709939601710739,0.0005846179399792965,0.007696460092144198,0.000738244705150422
90,0.007169906214630309,0.0005922263713700505,0.0077577487022819505,0.0007811334145171352
91,0.006956672731489509,0.0005759101252256584,0.00746360408614038,0.0006796463535495707
92,0.008492941088167094,0.0007693254833283193,0.008032490457685677,0.0007777496183018157
93,0.007952352197833728,0.0006935835588889856,0.007557869580457148,0.0007002309202956689
94,0.007260327191116862,0.0006170937135911231,0.007589242905254988,0.0007156307206451369
95,0.007010432322307741,0.0005683517005509686,0.00747760354359295,0.0007167627421745087
96,0.006883316128886528,0.000571660645338866,0.007456654142310831,0.0007128043603098069
97,0.006863050109674949,0.0005661599435878939,0.007868663930574692,0.0007706614885697394
98,0.007223777239256939,0.0005953393903332532,0.008398813087591864,0.0008123171136449307
99,0.007059436414511201,0.0005719434058168875,0.0077346992472322375,0.0007347599081390549
100,0.006949766102590431,0.000562648949219523,0.007427374670430031,0.0007183138471052809
101,0.007238894508896615,0.0006243941158223579,0.007458002021264852,0.0007124044045818266
102,0.006873069465613637,0.0005689177774123054,0.007742449971199628,0.0007753956615126889
103,0.006772737266644552,0.0005658967354615527,0.007651250159509776,0.0007376440346629563
104,0.00670785262575196,0.0005483313895427328,0.007547382134265754,0.0007082603848018893
105,0.007117683613254997,0.0005900358176511755,0.008322225982286283,0.0008531574656456764
106,0.006829008666316876,0.00056436426358602,0.008455842281599214,0.0009086959336542012
107,0.006738782303492776,0.0005497791606954125,0.008910039504558242,0.0009686495233342569
108,0.00705543382203086,0.0005886897981928629,0.008383119124179052,0.0008533353636284908
109,0.007811632070215879,0.0006934014801799139,0.007812716598801363,0.0007606675889418578
110,0.007325490307197428,0.0006410332245906256,0.007804246753491215,0.0007411949927278714
111,0.006768695606421608,0.0005575972789045983,0.009764742950403088,0.0010669965253906194
112,0.006949996772247009,0.0005735009492590967,0.0076312607906709445,0.0007386008167769668
113,0.006682969184907529,0.0005452690531850257,0.0076653999615682675,0.0007634429531985283
114,0.007034309455388342,0.0005874572776146446,0.008647732276296774,0.0008987158080886753
115,0.007250703534840857,0.0006159190990950579,0.008049243507561404,0.0008006935985161405
116,0.006778167919238087,0.0005572321767739053,0.007998997735673722,0.0008068224035484087
117,0.006669371105560558,0.0005446666812189119,0.007503909994817234,0.0007281593413385933
118,0.006891681022141766,0.0005580995562411101,0.00748619540680866,0.0007227568603170857
119,0.006990283985264571,0.0005725072752688781,0.007538111727000122,0.0007252983328931046
120,0.006608234659127693,0.0005347538704473965,0.007740317513882522,0.0007480273909083512
121,0.006475239596418159,0.0005185910470818237,0.00824928783275039,0.0008332706584162633
122,0.006961586321226034,0.0005845277362809421,0.007951472315394522,0.000823607254032869
123,0.006633481933706982,0.0005366195404584282,0.008630197105115119,0.0009028949565774552
124,0.006504638247128165,0.0005237172678544119,0.007895065842362874,0.0008092126595118509
125,0.0064764329313721945,0.0005171637833401731,0.008336249277125181,0.0008653360957203476
126,0.006385719267732885,0.0005141172572787135,0.008449528312359919,0.0008965870477289998
127,0.006395954420496161,0.0005067598086625989,0.008491732590270555,0.0008534848498641544
128,0.006420994304942087,0.0005065425505601366,0.00927834913584817,0.0010599721218682886
129,0.006397899033098053,0.0005024403978595971,0.0077893337402924505,0.0007693829848114956
130,0.007604416267248756,0.000676384421267738,0.00815068373752647,0.0007476731035233913
131,0.007093314726805109,0.0006012472831675103,0.008511536705326166,0.0008697365922352225
132,0.006588773415052109,0.0005371993205484849,0.007711990354027575,0.0007858959961233858
133,0.006928165727418922,0.0005856187480874536,0.007747570621713207,0.000743987621097295
134,0.006514113930677252,0.0005190855609992264,0.0077896852737033605,0.000765179193136128
135,0.006428486371887388,0.0005153135482911038,0.007576323912281617,0.0007261123805228214
136,0.006375684724685102,0.0004996664087534192,0.007713073420504861,0.0007277408511927567
137,0.006368094098226596,0.0005068147550899174,0.007597509592722189,0.0007330197496405211
138,0.0065871743302077,0.0005530618045287837,0.008480596387703342,0.000810617230077419
139,0.006330193662679552,0.0004948393551069719,0.007790170064109643,0.0007557244676501422
140,0.006417946248163006,0.000513080654751258,0.007814390981872104,0.0007718259809632779
141,0.006423756788297071,0.0005110773086276068,0.007700156178387091,0.000703537405992007
142,0.006721891556643374,0.00056902707153586,0.008201321287062142,0.0008399937343698871
143,0.0063856678466868546,0.0005047580653798462,0.008298503073080388,0.0008479419070109417
144,0.006263608648087617,0.0004931018993374892,0.008032415568711397,0.0008127472441183212
145,0.006261661459298755,0.0004911809990261309,0.008426296170831763,0.0008788449365074364
146,0.006241963557923787,0.0004792060264157832,0.008409739754144226,0.000861819623237081
147,0.0062402197170450206,0.00048528134766629696,0.009021417347294901,0.0009805976419165322
148,0.006927855550966619,0.0005810071207173948,0.007680032098517808,0.0007638157642560561
149,0.006420743715428808,0.0005061789964101748,0.008204869110297584,0.0008387612237225731
150,0.006314169469434669,0.0004949910656842066,0.008287158254256459,0.0008528821167149827
151,0.006237052677610018,0.0004814467130595386,0.007758021371636466,0.000749575648241328
152,0.00621384759114864,0.00047690275784966114,0.008422733831916326,0.0008848257301069198
153,0.006240697574497204,0.00047795532999747034,0.008727025380974869,0.0008821866128305343
154,0.0062278647404234895,0.0004767505083535886,0.008227064426902015,0.0008315337279854676
155,0.006174351276383654,0.00047873908110178067,0.00814373464329748,0.0008217833357221688
156,0.006241331108006518,0.0004826283984031429,0.008761669612421795,0.0009450835754226782
157,0.006069490210659547,0.0004603627924971148,0.008148425351982529,0.0008188711508891903
158,0.006638503360770954,0.0005238346256755697,0.008700213473697272,0.0009218611522610083
159,0.006571006976216748,0.0005215497815493714,0.009006737637339739,0.0009750633860266742
160,0.006262238478702369,0.0004931229315857499,0.008791469040616656,0.0009414275821636813
161,0.006239754655982718,0.00047878263877419676,0.008884893142809437,0.0009503740906836435
162,0.006187009939413957,0.00048474439189852546,0.008386701429478626,0.0008086731139106356
163,0.0067591791797231016,0.0005413548527449235,0.008515507027519164,0.0008993933067617734
164,0.006303217060184071,0.00047973203872832444,0.008548516348399074,0.0009165579838206412
165,0.006175649358568706,0.00047387244477965464,0.009256652013602241,0.0010868240156887863
166,0.006134980259031171,0.0004666436857768749,0.008376462990263884,0.0008719934744506748
167,0.006148371561749098,0.00046378719965004835,0.008516766871048125,0.0008934858374202019
168,0.006062944687924174,0.00045775902538760404,0.008793388225064175,0.0009592213445892003
169,0.006072590170081124,0.00045594384283147854,0.007729305372271218,0.0007936754239844899
170,0.0060244846200223435,0.00045567502264560203,0.008255477911416466,0.0008654511191177534
171,0.00595191904846508,0.00044416375807375814,0.008528259260555273,0.0008861710331792055
172,0.006295220299620366,0.0004986960448288383,0.008503242303302745,0.0008782593059062107
173,0.006143595555004002,0.000467113197844001,0.008883578573285743,0.0009211209144509577
174,0.006175753209888652,0.0004689184406673989,0.008230702175962314,0.0008206135098589584
175,0.006531810619029086,0.0005127106082062202,0.008880933234776487,0.0009031921630148585
176,0.006064029341871662,0.0004541983223407788,0.008989687069991467,0.0008681873735121378
177,0.0059713850801761045,0.0004445484799763166,0.010334111854976772,0.0010249942594318842
178,0.005877079811308377,0.00043205335103736715,0.00963224785630622,0.001018803180104803
179,0.005933921955023032,0.0004350406900331548,0.008592195461954404,0.0007991646389501625
180,0.005882449309118517,0.00042511680674807347,0.009075651821119106,0.0007937830283143866
181,0.0061425674368517594,0.0004581340576788524,0.008956674319870819,0.0009536821000426021
182,0.0059267112006125226,0.00043935153357589,0.009285555706846695,0.0009695763652199811
183,0.00598962943710585,0.00044217444433982946,0.00828268027568347,0.000813996608870949
184,0.0059156137998410616,0.00042471052734504417,0.009144887251051649,0.0009784731885382832
185,0.005893595421955896,0.00042175473045547116,0.00895411679397849,0.0009629795772435192
186,0.0058831201358114016,0.00042631360254039767,0.008897534853760276,0.0009540021480720286
187,0.005903267939911426,0.0004364866274785243,0.00856428009316029,0.0008791864914966081
188,0.005935067698685275,0.00043336221348041023,0.009372953982369987,0.0009939799051818944
189,0.006111438095767915,0.0004604688464679858,0.0086243161499895,0.0008979846103427568
190,0.0058894343479419615,0.0004267095644972039,0.00922278208436062,0.0009948486190085725
191,0.005805982236074064,0.0004130348766201792,0.009152018118939603,0.0010341265114889302
192,0.005839194035239008,0.00041622711930839175,0.00946485186119052,0.0011428062014192319
193,0.00596954060998168,0.00043718865214972737,0.009831897118776444,0.0010123453996358563
194,0.005867723028526107,0.0004268575061007293,0.009119089547890109,0.0010149947360669886
195,0.0058127802145090165,0.0004134016756812454,0.010682134267670527,0.0013417351387852853
196,0.005836222586381345,0.0004221532957665109,0.010150342647738706,0.001159791731150722
197,0.005852480559740853,0.00042338871234185116,0.009912194478300876,0.0011510603147788614
198,0.005764555049698956,0.0004088978904247206,0.009638848600428034,0.001122246601760298
199,0.0057242347694182695,0.00039712068827414687,0.00906500477646015,0.0009370367419046338
200,0.005939837025050003,0.0004297615219918593,0.009054663958064965,0.001033042778321912
201,0.0057782451392013314,0.0004159558065122298,0.008717261347302933,0.0009478659846855401
202,0.006163441719922871,0.0004525892784671385,0.008299327638179112,0.0008381127469651771
203,0.008229952368410764,0.000785290292199053,0.0077666240984833,0.0007337111939632932
204,0.0064915885649508166,0.0005065279503137372,0.007646026566242244,0.0007000535640584934
205,0.006120771622487093,0.00045485574149100835,0.007825143582847537,0.0007547836869088501
206,0.005938462334058244,0.00042422683747970417,0.008207728164208844,0.0008417542346148745
207,0.005829783731065832,0.00041062826148638,0.00817777545018652,0.000841938075898616
208,0.005741194845796935,0.0003978766647796943,0.00816674772125749,0.0008361564346069519
209,0.005697009833565003,0.0003916615820662455,0.008419048895331606,0.0008741998928406319
210,0.005633763618370652,0.000386178990395097,0.008234615995863219,0.0008088054529789046
211,0.005627351351783473,0.0003869569701157659,0.008553382368536283,0.000936545922909709
212,0.005626483074081318,0.0003848750590317539,0.008387029130899946,0.0009280870709451076
213,0.005726509261876345,0.00038937016387718834,0.008920262037276827,0.0010425561536157454
214,0.005636810323315542,0.0003838569837482469,0.008456999491530144,0.000917933223170031
215,0.005609781756650075,0.0003840999557765488,0.008562663856844436,0.0009170242775380395
216,0.0055958876225162485,0.0003728241498246541,0.008633132069525833,0.0009382445968372211
217,0.005558636994720809,0.0003748365702847207,0.008354047499905457,0.0008856535277064174
218,0.005598166292646595,0.00038281587543879627,0.008653205740789803,0.0009968866850384387
219,0.005586472814442313,0.00037000125281033794,0.009171655141002197,0.000997611502877788
220,0.005577952097286913,0.00037318085287206277,0.010494350144232544,0.0012973574741276302
221,0.005572521230453774,0.0003757222735457133,0.008779427927875559,0.0008995194577485545
222,0.005550118871458129,0.0003745536630979417,0.00876563391339848,0.0008959297802174365
223,0.005525266110256116,0.00036393347556593016,0.009143394629304476,0.0009496856199628334
224,0.0058405263740711,0.00042470711364832217,0.00921641250714561,0.000990620885770583
225,0.005868368897190452,0.00041166973104850947,0.009137270036955296,0.001001870195941833
226,0.005607478533067631,0.00037290080865011146,0.009157523267674229,0.0010138504425509347
227,0.005538616255067374,0.00036543004562571016,0.0091066336789668,0.0010435418075487165
228,0.005539448833546314,0.0003655586974759951,0.009506961700833396,0.0011081620187356773
229,0.005648296374647025,0.0003707588237188863,0.008647023601494483,0.0009415642257559341
230,0.00551350780996448,0.00036437869163366397,0.010002383704772157,0.0011426282195460718
231,0.005396848266940748,0.000344914052853544,0.010344694430218232,0.0012610326528808239
232,0.0054346328980144215,0.0003464943129835321,0.009947408175725021,0.0011643071831219417
233,0.005521607780014607,0.00035120080617020093,0.008720193042833087,0.0008866198885945344
234,0.005541750105512205,0.00035721411249740225,0.00920364816383218,0.0010729514558518935
235,0.005428192940515823,0.00034541041028558387,0.008730925392168297,0.0009088426061180445
236,0.005542247110850287,0.0003605941001504231,0.008980630506878558,0.0009713254962270672
237,0.005438500678896224,0.00034770762107752003,0.010149496179598304,0.001233067746958017
238,0.005483560058723838,0.00035091205080107964,0.009369672584464613,0.0010729828561865879
239,0.005456799056961736,0.000346282965227202,0.008647577159433619,0.0009252451592863581
240,0.005505954514756912,0.0003502667870924953,0.00986740965741557,0.0011249052038102485
241,0.005397856301458078,0.00033893595315616034,0.009796120648870602,0.0010832004143666808
242,0.0053863365879501905,0.00033408529207043123,0.009793936806909789,0.001162058929276702
243,0.00539708922806589,0.0003343597235135511,0.009930706166643773,0.0011809364173523559
244,0.005345708432079721,0.00033556532014374703,0.010253396122685528,0.001168890060476854
245,0.005668767389288959,0.00037835856761624895,0.00951555052106053,0.0010435201663933293
246,0.005348738466616111,0.00033618599122625637,0.008857120910893804,0.0009395111400294056
247,0.005285359465803937,0.000320054042819682,0.010077067038710445,0.0011855141206340717
248,0.005318093050745787,0.0003210955182191767,0.009334306772304884,0.0010478636685493617
249,0.005382727755467362,0.0003255869748773312,0.009039271117144863,0.0009436561728539315
250,0.005300276910092951,0.00032712560799504016,0.009118259253769818,0.0010149884313774382
251,0.005364144214751206,0.0003242627109195984,0.009212321106850213,0.0010184197880702388
252,0.005338029556167613,0.0003243186602394624,0.009896696895200587,0.0010023353532124743
253,0.005440159483472799,0.000339491247988931,0.010375421682360353,0.0012120497390814434
254,0.005241414282414283,0.00031212021378395694,0.010421209242379922,0.0012942453877077536
255,0.00523891371140122,0.00030758087000961877,0.010484336466769016,0.0012750275730269512
256,0.005304917253150176,0.0003193014187876847,0.01019774138347696,0.0012057116086034271
257,0.00526396678884588,0.0003141903513726006,0.010337359691347112,0.0012113887773108182
258,0.005838861057761447,0.0003945426495317299,0.014900690260719484,0.0019342553181595336
259,0.0062800173075805935,0.0004635689773587085,0.011257972104154182,0.0012161539909345041
260,0.005712417149987114,0.0003789312563864904,0.009532106981692922,0.001101698391721584
261,0.005296984254984546,0.00032403471651920845,0.009950372944000047,0.0011838072060822472
262,0.005351464325179675,0.00031895775804645826,0.010041669455190368,0.0011872722378342925
263,0.005257640943150727,0.00030460285201350923,0.00999267263313299,0.0011817613134348752
264,0.005263907383390819,0.0003055001704693779,0.009926045595649753,0.0011869589121632944
265,0.0051466156405435715,0.000295768903278234,0.010117139841510069,0.0012028858780961896
266,0.005240022461549751,0.00029742242996368427,0.010001492227847065,0.0012533666335882016
267,0.00509920963502273,0.00028433045092948,0.009971152067443492,0.0012537663531607627
268,0.005130011806115792,0.00029007972683646883,0.010852006094419206,0.0013935050868027572
269,0.005157802835152885,0.00029096296180492024,0.010297205300680947,0.001303424398441389
270,0.005195037497228769,0.00029513116415475843,0.010240997619532196,0.0012277698997001083
271,0.005108830412122078,0.0002831902532621832,0.010811094205444124,0.0013396424605258254
272,0.005229219526916516,0.00029145623258485003,0.010634043682613318,0.001305351626773254
273,0.005118672496518793,0.00028958593224292134,0.011014162917430235,0.0013878653180594278
274,0.00524147959627891,0.0002952930280126936,0.009433974387025498,0.0011252330855885829
275,0.0051200557641769995,0.0002878419261473539,0.010510511084194511,0.001338125656579393
276,0.0051736726156460695,0.0002859012429498865,0.009855426636691027,0.0011898580157881854
277,0.005111905062719896,0.000288248155088989,0.010153876690021315,0.0012851966802198101
278,0.005589471264129696,0.00036419867049900906,0.009961505702678237,0.0011883375499631118
279,0.005124363396670882,0.0002807292928666889,0.010294245017865142,0.001288194905419908
280,0.005159537897519626,0.00029210130615025306,0.010023235553098435,0.001253513889815134
281,0.005153562819599369,0.00028239832129798643,0.010165371740890654,0.0012294962653440782
282,0.005065086541144964,0.00027782647153287384,0.010672561684006591,0.0013733825753119138
283,0.005155162200572486,0.00028685148467421317,0.01048713394082984,0.0012468142018731319
284,0.005105189232778923,0.00027994610430732964,0.00992192173629555,0.0012215766023623985
285,0.0050431198202349784,0.0002679011924258706,0.009863586878922108,0.0012406924766849184
286,0.005022221064272942,0.00026865499411172236,0.01033807659848587,0.001319223120754634
287,0.0050664583137860885,0.0002736175665908543,0.010103707098469928,0.001265859013218633
288,0.00500730689244961,0.00026972010270683554,0.010196883852797135,0.0012648424110722279
289,0.005063232192026005,0.00026898878136463376,0.009864037942807406,0.0011710629347266184
290,0.005056426697941816,0.0002684997790404542,0.010242770686560612,0.001257684469394176
291,0.004959609528592727,0.00025979105019968484,0.010633580130679126,0.0014835920941646656
292,0.005061673172200701,0.00027119863599967285,0.010345839656309674,0.001297242419747173
293,0.00506875267652476,0.000267159515971224,0.010373458050388768,0.001324766682690651
294,0.00521183460764941,0.0002863456429069297,0.009528085965638524,0.001105071740480917
295,0.005054758925401666,0.00025953878494760395,0.00999969131442786,0.0012313706129797061
296,0.00500459125099045,0.0002647448205960093,0.01028976934524068,0.0012910034030865546
297,0.004970081702065955,0.00025682215310058633,0.010122822411049972,0.0012530402622697567
298,0.004949901908097838,0.00025209412413065857,0.010540615924516853,0.0013157548971218982
299,0.004910519901670147,0.000248621217436166,0.010417401769031949,0.001334981302443941
300,0.004942901184633658,0.00025155440572604534,0.011258288430025345,0.0015317468694064284
301,0.004993535440146016,0.0002486743160884008,0.011389749571804376,0.0016799864679342136
302,0.004979389609889385,0.00024638436981450285,0.010785834478300732,0.0014432826774643537
303,0.004901490952844374,0.00024749090079596164,0.010766501718860687,0.001404576179860946
304,0.004851558948194204,0.00024303092220591199,0.010679123733525739,0.0013836574409097674
305,0.00490091855021569,0.00024216276907340796,0.0103933903225235,0.001399137812370931
306,0.004895913961764864,0.00023883593068617492,0.0111493454792765,0.0014489484849325783
307,0.004950415497971521,0.00024724434362945744,0.01064726873455162,0.0013958255541418364
308,0.0051435933075668185,0.0002792074345107573,0.01039812839836721,0.0012191044494728651
309,0.005251277358087042,0.0002965390077569016,0.011346915638111285,0.001386433141402413
310,0.005329525782531942,0.00030454162933961967,0.010358644064996909,0.0012478656946455547
311,0.005690512892758268,0.00035210815302588527,0.010220560525846205,0.0012303976490395914
312,0.005189563640828878,0.0002841115035322502,0.010898084216288581,0.0014088494081681575
313,0.00497118285644672,0.00024759796338608245,0.01093125182808383,0.0013774724642319038
314,0.004925203300700895,0.0002458330416235676,0.01109376378490016,0.0013938241586010495
315,0.004890617820214721,0.00023329184493131868,0.011793369414987943,0.0015030821064673672
316,0.00486271301357026,0.00022469475712541298,0.011607704554616615,0.0015207197489112844
317,0.0048146686249345315,0.00022027329361642102,0.01228508590843948,0.001602241491260152
318,0.004847754596842333,0.00022875855716059123,0.010896431710817759,0.0013958239545394198
319,0.004771160843566117,0.0002223835563545643,0.012009667881782975,0.001590143035829764
320,0.0048507927136120345,0.00023234708951418766,0.011613246250823633,0.0013829163774471754
321,0.0049214629122647435,0.00023435937180022262,0.012566905127936937,0.0016765703842474074
322,0.004838905237905483,0.00022289825864747068,0.012262001092428502,0.0015920980373591751
323,0.004821403452262509,0.0002210797945238002,0.011808508709504806,0.0015677995265682
324,0.004794915471431364,0.00021777375776740323,0.012664892829473544,0.0015769661186395571
325,0.004760938167161248,0.00022208491918372395,0.011541438359915224,0.001539119175299524
326,0.004711661513491105,0.00020873858043142708,0.011444604496120026,0.0015764828626893689
327,0.004777323657349318,0.00021999592438783717,0.01138928036871582,0.0015141104997250573
328,0.004800014979092709,0.00021342005875132474,0.012058785046444627,0.0015720254927121923
329,0.004785564639552465,0.00021681113418912294,0.012202337112845175,0.0016361299770847981
330,0.004745500659775485,0.00021385235047745148,0.012242409190940147,0.0016690838885118117
331,0.004893733712600211,0.00022649038821514588,0.011424570429194349,0.001414099680830336
332,0.004765926082990355,0.00022353744047161407,0.012690346680322526,0.0013208531928580217
333,0.0051148138628713076,0.0002670577826189097,0.01165980270860211,0.0014625207993910426
334,0.004799241318717996,0.00021930959901994646,0.01254154865426437,0.0016764760822954353
335,0.004699702950959367,0.0002027835872111941,0.01176867675998353,0.0015196331521008157
336,0.004652998425657843,0.00020179207343342555,0.01228409111098886,0.0016655994191594632
337,0.004737566703286008,0.00020910708934944894,0.01146899296328524,0.0014314400131905927
338,0.004749083151410515,0.0002096586363931663,0.011333029993211494,0.0014770815942269928
339,0.004729948277910994,0.00020120884245073426,0.011173767484847875,0.0015055002787864355
340,0.004643930744613475,0.00019887260458409563,0.01133780575678098,0.0014800096768828029
341,0.004704555168574385,0.00019978041300661208,0.011318460617226777,0.0015456903273789427
342,0.004752508162772248,0.00020191811559413747,0.011980537369859634,0.0016284084699902258
343,0.004699402572870425,0.00019608623954432507,0.012115381292641064,0.001674167315467162
344,0.004673919690942867,0.00019290756380586964,0.01175521964528012,0.0017251779195881104
345,0.004734081812397694,0.00020377052172809528,0.011433593370637159,0.0015033471786620601
346,0.004735950322134753,0.00019471558363820044,0.01163441545040106,0.0015864403524616462
347,0.0046875780597045846,0.00019813178950046922,0.011756578454168031,0.0017140145024819768
348,0.004651321059255772,0.00019374752731262548,0.011840919745062163,0.0017152715877002253
349,0.00459323912600459,0.0001856397799139412,0.011436110897458449,0.001630521610266273
350,0.004629364174776516,0.00018327861611043924,0.01211870043840728,0.0016939163861205704
351,0.00461824367463787,0.0001908610227633203,0.011782137865188303,0.0016330761693989309
352,0.004649063567861121,0.00018880611154766037,0.011876249349743918,0.0016520453586812834
353,0.004646900347646453,0.00018735307794797522,0.011514556395284684,0.0017334200816332295
354,0.00467809422708297,0.0001949171968133759,0.012758186546505878,0.0017286351407683046
355,0.004614367472014953,0.00018327214857257954,0.012092005015838127,0.001719106143511622
356,0.004637060980418761,0.00019048521940730523,0.011941815866774182,0.0015674973247763208
357,0.004693186291698862,0.00018854856993987565,0.012089052706315422,0.0016566468363231517
358,0.004624734151959703,0.0001811110855963483,0.010951487800809524,0.0015329963249880636
359,0.004620835458604838,0.00017958298797535261,0.01208713417718594,0.0017037198569283308
360,0.004613180023780935,0.00018120239066166322,0.012566990630750527,0.0017799257906674197
361,0.0046816725684896456,0.00018549425237909041,0.011693195137657866,0.00169250678926566
362,0.0046176623677863194,0.0001771177250751163,0.011960400834321877,0.0017325870269375224
363,0.004570275531840925,0.00017622352371695222,0.012562818271693903,0.0018182308696417001
364,0.004599020297164557,0.00017745998028392227,0.01218823239589665,0.00192400881414809
365,0.004640561756022813,0.0001789295358888534,0.011393970290248264,0.0015751174357156916
366,0.0046425563054860435,0.000181972817924496,0.012302576482530362,0.0016707731723582637
367,0.00456826039412884,0.00016947540971574447,0.012319742604806427,0.0017067583773935843
368,0.004576249170283514,0.00016968957048731488,0.01272349547138376,0.0018221116714396926
369,0.0045093803842704274,0.00016081023947417668,0.013216147401265256,0.0018935278395829963
370,0.004510736019446199,0.00015841107366220607,0.013345795529370276,0.0020268413201895764
371,0.004533602814491088,0.00016547435493849858,0.012232324110023332,0.0017850203535963614
372,0.004740706583867452,0.00020008864379730278,0.014206437785671839,0.0018436572530760973
373,0.006632501457750571,0.0005108940143079741,0.010614887212976714,0.0011622892287062537
374,0.005195544078280378,0.00028577328668668255,0.01051475710870809,0.0012557623364973431
375,0.004929116734979894,0.00022799831644590757,0.011369052606739647,0.0014856163057593462
376,0.004848666291262516,0.00021608299369916688,0.011784495711820015,0.0015901056304689657
377,0.004671019504197339,0.00018214419369991716,0.012108136640725941,0.001721551266555915
378,0.004557341400944688,0.00017172546252267905,0.012439346198448973,0.0017695078865851627
379,0.004556334466397224,0.00016760639464544636,0.01251642416934452,0.0017465863698058058
380,0.004508154676118759,0.00015918897251738414,0.012184110642811715,0.0017230676818409294
381,0.004531693573998634,0.00015505575583510707,0.012434413826204097,0.0017879722644833212
382,0.004545315555226016,0.0001561062711139631,0.012807934598947893,0.0018591289168542917
383,0.004470021949510865,0.00015662269729010083,0.012459004977841349,0.0017571084419903747
384,0.004480322515733625,0.00015215482791018593,0.012158216666491911,0.001709341499526578
385,0.004514795581070076,0.00015187587838787266,0.012689982564805309,0.001746182384112825
386,0.004489217963629179,0.0001555415978277312,0.013298383536162656,0.0018950599931016263
387,0.004365731038670179,0.000148580124178001,0.013337992484039867,0.001938338124103434
388,0.004457555152210247,0.00014908902572061575,0.01267445081573547,0.0019406368027923826
389,0.004487297078063393,0.00015099021966791332,0.012789102417682082,0.00181822204657939
390,0.00450986351139716,0.00014828211962815971,0.013367614829110981,0.001952685969247597
391,0.004394872364156061,0.00014961696357522497,0.013465944531879432,0.001953734322564772
392,0.004800147773563409,0.00020798495696503898,0.011253553603017172,0.001359771023155961
393,0.005425640484566017,0.00028380763568101403,0.0132977847219599,0.001531674285609713
394,0.005370149658922064,0.0002870619393413277,0.011050639847534037,0.0014749324463931566
395,0.004862823627602323,0.00020430225926482812,0.009980923985747854,0.0013643952901571503
396,0.004673684505876791,0.00017619417921275682,0.010521294871369833,0.001532451353449874
397,0.004565415436936677,0.0001629241483523723,0.011123818620601484,0.0016249661240476147
398,0.0045391073363687945,0.00015589413352891848,0.0107560233222259,0.0015618113824204906
399,0.004508638835933498,0.0001512338117571962,0.01071370117650028,0.001580756708922941
400,0.0044585414546871194,0.00014926651656493092,0.01109764915783057,0.0016903320277963198
401,0.004469815631903453,0.0001483707341107455,0.011615332488945087,0.0017735484591126288
402,0.004465724842644123,0.00014130505381566792,0.011990866792659639,0.0018564750982887135
403,0.0044430317963604525,0.00014435562078629448,0.011571529346043306,0.0017805922866470508
404,0.004519901820015828,0.00014428180908731595,0.012137488378766948,0.0019185364711644215
405,0.0043954271300848105,0.00013493036403608005,0.01240793861670802,0.0019399880128796983
406,0.004397427336535923,0.00014045172715513123,0.011966106639126476,0.0018385557571232523
407,0.004391966139527654,0.00014009930823583017,0.01229598005271412,0.0018822232438910548
408,0.004440053353730603,0.00014145098628660845,0.012804725851912965,0.002119407867850884
409,0.004475057460172916,0.00015222536713656654,0.011571907956424533,0.0017710482965810194
410,0.004387192263448533,0.00013641661261051217,0.012486904443994116,0.002024764145429775
411,0.004461214454054918,0.0001452312566740673,0.013000786222751862,0.002096125387995456
412,0.004457500750400806,0.00014531287571763665,0.012578377646659285,0.0019198591397926426
413,0.004407855429325409,0.00014099038124345411,0.013055081790720192,0.001968308705709326
414,0.0044159276509204235,0.0001438343963996789,0.013091973741446307,0.0019203244654703825
415,0.004474909353767567,0.00013829285886915297,0.01309138028080643,0.0019892614660746055
416,0.004390844821614769,0.00013368163725130833,0.012925094510089384,0.002021055672158154
417,0.004397705411573893,0.00013286426719752832,0.012903526957325686,0.0019201836779552499
418,0.004321192350936168,0.00013072355045464922,0.012816966847448751,0.0019471143318967746
419,0.004350358821688921,0.00013693070473967645,0.013369928829569295,0.0020849654049726685
420,0.004383515476288111,0.00013564013304429425,0.013725906653662787,0.002245375373243086
421,0.004360739049190096,0.00013324354837137095,0.014166318475336627,0.0022754542179903347
422,0.004486544665034166,0.0001375033785361078,0.013714075407679409,0.0021516735805622578
423,0.004394821741196819,0.00013122577650672598,0.013823889120364722,0.002367276843002726
424,0.0044326869365422785,0.00013554732340500652,0.012957303335316578,0.0020918778763195063
425,0.0044325146852450675,0.00013494751420130548,0.014051960884525582,0.0022805928965199383
426,0.004433538556672605,0.00014085355154879367,0.014112609942807563,0.0023305078541292555
427,0.004451682433015012,0.00014144962821390386,0.013489372053781881,0.0019981933915517325
428,0.004345866682418683,0.00012735247564913278,0.012987076573147877,0.0021787792739507723
429,0.004358295151191859,0.00012909877315954175,0.014011952817896443,0.002334568217116877
430,0.004387083099960233,0.0001273640373601873,0.014664461862431555,0.0024289505561815253
431,0.004357334291881142,0.000121451508869475,0.015097458214677919,0.0026958684071926213
432,0.004388010295766615,0.00012916532276119035,0.014277919563341467,0.0023177448523867667
433,0.0043576734114841986,0.00012576787301738475,0.013789288980257235,0.0021847831159529417
434,0.004383410990659586,0.000130782316711301,0.01434958467895276,0.0023575442850993352
435,0.004382138308704239,0.0001236912108313278,0.01405979252947704,0.0024199540093109407
436,0.004631557246004391,0.0001758970547563856,0.013988490760733453,0.001795540364998445
437,0.004514023779356718,0.00015182153195040496,0.016097935599688168,0.0018311126650768234
438,0.004368171694745158,0.00012696456913185614,0.013722558491955826,0.0018672250148212685
439,0.004317265971981612,0.00012278474433193322,0.013435463478097952,0.0019751371425404582
440,0.004310732381595405,0.000114894195790604,0.013459093666740305,0.0021039990508552667
441,0.004322915163799455,0.00011832333063186539,0.014208850426142974,0.002142936747456787
442,0.004293932813173691,0.00011115770043096237,0.014544113958562841,0.0024461340369650512
443,0.004345554410490587,0.00011465301774233046,0.015117917837427053,0.002493555550739117
444,0.0043257463266612685,0.0001161075316259094,0.015076788097607674,0.002192340351632312
445,0.00432929820947689,0.00012239312883993229,0.014354316605600399,0.002159770345508078
446,0.004362947027333534,0.00012082180366543199,0.015476353139622716,0.0022171733446807802
447,0.004293393958076664,0.00011590625585943567,0.01626313204679712,0.002297140990620223
448,0.004318939223124189,0.00011839782262942267,0.015023876734028588,0.0021947950415248866
449,0.0043301244625757965,0.00012063156191634542,0.015236056938656414,0.002264337029740976
450,0.004303403421811505,0.00011384458466360063,0.014186349390568027,0.002337755732522007
451,0.004378468736637908,0.00011857136925457784,0.014809459407770674,0.002346502055355428
452,0.004317905432934175,0.00011624478808453239,0.014866992630779941,0.0021882968317156054
453,0.004316704453521553,0.00011665428871030614,0.014447064421121154,0.0021692488944548838
454,0.004327083026862813,0.00011381887123227728,0.013388854453019452,0.001988554947750507
455,0.0042132929471204545,0.00010357881035144926,0.013754438231113237,0.002161602125804184
456,0.004325934869463878,0.00011064548025975808,0.012739105213322485,0.0019409905869316384
457,0.004298665334590969,0.00011043469793248006,0.013573438525878338,0.002163223150326556
458,0.004268173304096063,0.00010810149866516205,0.014723610368847156,0.002258186185351243
459,0.004283106326791298,0.00010581983531685922,0.01380316208776654,0.0020902467273262062
460,0.004325389968737705,0.00011346463181235905,0.014082318808673727,0.0021522338181677804
461,0.004270930153037999,0.00010855148445336571,0.014592039705692044,0.002189089013743507
462,0.004271541668558953,0.00010861703869432987,0.013286036750708786,0.0020399408212389536
463,0.004275443695021701,0.00011049364747825042,0.013245494929851581,0.0019309826383933067
464,0.004342176575663397,0.00010719957643529593,0.01436520402862487,0.002125894631735598
465,0.004275698997363618,0.00010440048642345649,0.014630801716683716,0.0021829276053860957
466,0.004235799405316578,0.00010154365853411137,0.015035367740429198,0.0024109512240053864
467,0.004281284955078771,0.00010612753243473298,0.014889354993348682,0.0022771605321311003
468,0.004306723456210085,0.0001079865650018454,0.014453299024407536,0.0023204234817027908
469,0.004352290226684834,0.00012098129498367304,0.015688028026199497,0.002647153698779112
470,0.004280768117084816,0.00010675824435258252,0.016068172601008453,0.002766844163018908
471,0.004465088617860449,0.00013154452196912204,0.01517035370686443,0.002523288386237857
472,0.004404389881971558,0.00011460786406578786,0.01653308649115659,0.0027349011977654204
473,0.00423974521057999,0.00010127767102654311,0.015306583021317195,0.0026544888903497136
474,0.004181870526258795,9.624012497068028e-05,0.016507473364102326,0.003031415005539473
475,0.004284870607633243,9.646954655153951e-05,0.016045247255485284,0.0027435388398126988
476,0.004188537149258071,9.208568579667472e-05,0.015810121516912978,0.002841190955970153
477,0.004227383990024885,9.554605125431891e-05,0.01612804516601,0.002730478221866293
478,0.004188139173963564,9.322673400059279e-05,0.016278399820655386,0.00300390191986426
479,0.004231268459463584,0.00010061911565979853,0.016401550954590175,0.0029618894100077032
480,0.004203946433674558,9.565196672263365e-05,0.015444544740699676,0.002669199017590237
481,0.004418670685391717,0.00013155621798799114,0.014978336358430567,0.0023665098176223675
482,0.004674291326717505,0.00017351988924085385,0.013211487343732193,0.0018990325729616314
483,0.007157943504526078,0.0005249659051075569,0.011059997999571905,0.001277862638395067
484,0.0048584427915605586,0.00020787151053823627,0.01031499726401753,0.001157295444102523
485,0.004578289719734043,0.00016226778721767514,0.011800304836969798,0.0014747400420059879
486,0.004446891937210108,0.00013523349167620622,0.013574850187322358,0.0017960795010740728
487,0.004410437992136543,0.00012935027458823193,0.014905367552345951,0.0020578758896036315
488,0.004394780576650492,0.00011850576063758825,0.01343698836307948,0.0018511429061016087
489,0.004318948701898719,0.00010717899077314088,0.013359803171359643,0.0018639892242565158
490,0.004248987143671586,0.00010005366229166134,0.013150818090861207,0.0018720028495330468
491,0.004184160840577188,9.133996163412885e-05,0.013905622179169725,0.0020479097045319685
492,0.004189104212274484,9.32104650181561e-05,0.014147879348432535,0.002060668185929188
493,0.004212353229805997,9.239785966879251e-05,0.01456994673126186,0.0021970020809491467
494,0.004176420153883559,9.213570493788896e-05,0.013703205174032524,0.0020175909717753838
495,0.004234975133934005,8.808864232333299e-05,0.014484550318193455,0.002268639662409423
496,0.0042346371010215,8.598691574972877e-05,0.01446995631304403,0.0022542113072764273
497,0.004218757024190669,8.603739541341234e-05,0.01448206498290702,0.0022410054815501755
498,0.004219643950033862,8.841511967251853e-05,0.01498087279541751,0.0023959776028988434
499,0.004122261582969373,8.429953321391702e-05,0.014884236648783631,0.0024101144710512497
500,0.004177813135802803,8.85668244582086e-05,0.015072817746118105,0.0024251436997962104
501,0.004186181295769353,8.840732275858697e-05,0.014711312789297262,0.0023905600668609585
502,0.004262538449289879,8.934316785958287e-05,0.015461492339852235,0.0025257976634723953
503,0.004191178718259551,9.165596532273086e-05,0.014940921215661216,0.002393050335150286
504,0.004253452811956745,9.525262821660383e-05,0.015269099673046576,0.002438876201665231
505,0.004162929607325096,8.905068874595835e-05,0.015741778361080646,0.0024821621524904382
506,0.004173963791478298,9.044895153725631e-05,0.015023176703256685,0.0024218740393596528
507,0.004257947237924903,8.942052386287235e-05,0.01433879163251906,0.002360643092101511
508,0.004190282413236684,9.216038967883228e-05,0.014409651947423618,0.0024364051560222537
509,0.004213716143373924,8.989928655968532e-05,0.015030268908922393,0.0024109546731947767
510,0.004157427112313391,8.69038556373772e-05,0.015474463746704113,0.0026676660226866147
511,0.0041809080911361166,8.99735425347221e-05,0.01549812034543431,0.002564434854736604
512,0.004188246636814349,8.904793479254322e-05,0.015080159801422365,0.0024058623031238155
513,0.004239993182740425,9.897925389190063e-05,0.015224243178100184,0.0023425998949597663
514,0.004195165427352086,8.580690634254122e-05,0.015262224591207622,0.002461231073009202
515,0.0042023361340065984,8.315274472208517e-05,0.014522778598085933,0.002414401298026872
516,0.004123863855734496,8.231362971163929e-05,0.014773855072180956,0.002489578893499924
517,0.004161447941276029,8.466283580732706e-05,0.01464606411385023,0.0023852529424679813
518,0.0041567646790324165,8.280472005237188e-05,0.01437358212940987,0.0023650836471960854
519,0.0042229094476166395,8.60084348007059e-05,0.01455049516960041,0.0024060795697231703
520,0.004170639772400147,8.069136159483675e-05,0.015058169492970635,0.002597194655443926
521,0.004084493307141807,8.181990264893793e-05,0.01580729102407465,0.0026966195029961347
522,0.004156667872831339,8.438476668625956e-05,0.015507595670650041,0.0026522149667332707
523,0.004104069662953199,8.245015685925612e-05,0.015439132735786947,0.0026514407995909405
524,0.004172138522729674,8.393499178843667e-05,0.015269273397087163,0.0025174614505199346
525,0.0041422338938489275,8.074029682758484e-05,0.015433895153406737,0.0026065838903004445
526,0.00415168395540376,7.74074231113193e-05,0.015095031687632104,0.002594584648960751
527,0.004109939018276807,7.867409658674763e-05,0.015281041760293657,0.0026749445801305537
528,0.004166971721257943,7.825154818226176e-05,0.016088217799089206,0.0027258544804687175
529,0.004158126053527819,8.078572101482535e-05,0.015235613313016315,0.0025522031919174557
530,0.004167931160567321,8.124324534870856e-05,0.015921593090173918,0.0026871562298018768
531,0.0041229004366146295,7.845356602465541e-05,0.015534838835788977,0.0027017200478223085
532,0.004139785263103083,7.721232558039442e-05,0.0158854090309523,0.0027713188620624193
533,0.004177885806850182,8.09627827972341e-05,0.01603915178315677,0.0027344874908630306
534,0.0053873621936561715,0.0003041652749819741,0.01361866072992122,0.0015637041556237216
535,0.005143837902797634,0.00026662200386934744,0.015242545335054003,0.002027079609439736
536,0.004521669419801054,0.00015308664320960787,0.014422986591666543,0.0020394696057217106
537,0.004350226316707273,0.000119761677994675,0.015351149324475732,0.00233560899845097
538,0.004242892172577093,0.00010156338553643961,0.015575339249797806,0.0023485699468124613
539,0.004260346343468152,8.960853680009297e-05,0.015221183761855625,0.0023741837828389263
540,0.004164707753984364,8.464405550598765e-05,0.016224777000641684,0.002651966003147347
541,0.0041691927326057004,7.814773858149496e-05,0.016108829063973977,0.0025372858761221135
542,0.00418824826485828,7.673509106637681e-05,0.01740001661345264,0.0028191340088536687
543,0.004080934353533976,7.081977401649471e-05,0.016813321147015354,0.002802276763843761
544,0.004135353857661977,7.027111318159218e-05,0.017729280965205357,0.0029990168043376804
545,0.004088399134586944,6.744393649327176e-05,0.0170537929038289,0.002938976892070083
546,0.004081224814188373,6.894130864611206e-05,0.017340856570355744,0.0030184016426730693
547,0.004088444766737237,6.71559655477691e-05,0.01782652147928413,0.003117207267708284
548,0.004110530619031463,6.818897896360249e-05,0.01803895763417595,0.0032350549451036948
549,0.00411442590447164,6.983823403600724e-05,0.01823874429910635,0.0031849631733883214
550,0.0041224556167684355,6.924336960284093e-05,0.01795739904570313,0.0031575495948176985
551,0.004119630094295361,6.81566870360658e-05,0.016931233714821914,0.002969003393361422
552,0.004122663719558331,6.752036997499048e-05,0.016537083345249493,0.0028385938475674038
553,0.004127143991548044,7.648005672583423e-05,0.01605229863175345,0.0025275377698827824
554,0.00412142001705053,7.447457287854574e-05,0.01595818668770425,0.002834012242975037
555,0.004075944498924984,7.13776666289534e-05,0.01686266628679949,0.002821192754311518
556,0.004112754691261161,7.278657445315215e-05,0.01781348596999286,0.003147551323929401
557,0.004147269233207824,7.592624821186966e-05,0.016028358712052274,0.002603748284246763
558,0.004169443179587674,7.731458539008585e-05,0.016036332608046416,0.0024388139832410994
559,0.004095583817719733,7.29593721673445e-05,0.01653025706533022,0.002787412114898961
560,0.004121554738792375,7.311402145942235e-05,0.01715348020276141,0.002905262724649846
561,0.00406698971064301,6.859445387188302e-05,0.016931999962012105,0.002826385796555805
562,0.0040682633270194375,6.926165611253313e-05,0.01625311604565293,0.0028309809372240725
563,0.00406910985940182,6.764535074846914e-05,0.017117271446530392,0.003006609252881257
564,0.004138749981203432,7.315139022874673e-05,0.015870444960768847,0.0026256056834071634
565,0.004076740987768872,7.037852826315671e-05,0.01685930899073006,0.0028105231350062676
566,0.004144480700707311,7.068569000853045e-05,0.016820936947937636,0.0029723043108300386
567,0.0041511740695734725,7.102467680979938e-05,0.016112429239410933,0.002792441316069619
568,0.004093224684683032,6.977622203353884e-05,0.01681882939424785,0.002787338163222214
569,0.0041907985279506545,8.576834475535376e-05,0.01708934462586085,0.00253711526819107
570,0.004496716451565575,0.00014923619333377547,0.0180287729171629,0.0027780688249441294
571,0.00421270862896307,9.644110002811964e-05,0.01606000282505638,0.002612327718584943
572,0.00409692416929006,7.68656004409322e-05,0.016892675355089124,0.0029182567070876264
573,0.004076484335363336,6.615387120315624e-05,0.016988983280673033,0.0028864377775892156
574,0.004118798297082743,6.921134469369812e-05,0.017667933957749942,0.0029573316784827688
575,0.004055722852099417,6.956031141620797e-05,0.01715824613193457,0.002966943583011763
576,0.004140241875422998,7.283570729437312e-05,0.016458526781038537,0.002838092911594342
577,0.004072541600720029,7.035348459989863e-05,0.01685161145083261,0.0029434015899137225
578,0.004004721996771037,6.502874915577367e-05,0.015970122584123288,0.0027426059174670185
579,0.004006823905063758,6.019628393112608e-05,0.01728370525436291,0.0031049885603339823
580,0.004204046325988274,8.774980635380658e-05,0.014837581334351901,0.0024165189324836522
581,0.004185082821154209,7.588753454454581e-05,0.015565404963728954,0.002711773747533933
582,0.0040988946083876454,6.50790185688351e-05,0.016031737130949433,0.0027697159264380086
583,0.003995633920470515,6.151173489557315e-05,0.01667676643400595,0.0030693515302528188
584,0.004036713195451227,6.085642689349386e-05,0.01698503680434695,0.003070101334646133
585,0.004002227095139882,5.9231952346435235e-05,0.017810584413695662,0.003316497829371126
586,0.004042893054562235,5.845868701705682e-05,0.01773497359580453,0.003252459267607855
587,0.004036430763912887,6.014431298142937e-05,0.01657778125977921,0.00302080240150542
588,0.004007573065988918,6.0338723085653966e-05,0.015706372889844295,0.002869993673474836
589,0.0040513682249975974,6.081920271567175e-05,0.01812702720361879,0.0033187633157196602
590,0.004063139068044212,6.119774080900049e-05,0.016399951808968718,0.0029335979487714573
591,0.004086233088534198,6.127885257336262e-05,0.016038852561086368,0.002841461908921448
592,0.00408851902776118,6.321726570306968e-05,0.017699513726232463,0.003182682491322773
593,0.004069657061875801,6.442023410884762e-05,0.01770128300629359,0.0031079806359766192
594,0.004044934313128147,6.07519564860376e-05,0.017310501717721784,0.0031050394552479196
595,0.0040834677943910255,6.50362353838944e-05,0.01709388569845442,0.0030462394560471758
596,0.00408055320224537,6.226408941973744e-05,0.017144640824381288,0.002880859182375045
597,0.0040317054770660265,5.969163615920735e-05,0.01688076505153779,0.0030032595392510864
598,0.00401938975542543,5.930171293036745e-05,0.01765874971709652,0.0031027323861511206
599,0.003994780354478003,6.0489834530660325e-05,0.017264203281012296,0.0030056949966916326
600,0.0040359313846760544,5.739088565884791e-05,0.017945265960232014,0.0031327038533759725
601,0.004069559157032789,6.424099418605008e-05,0.016062604775343905,0.002628674145064406
602,0.004037931096694032,6.100874696877593e-05,0.01640899692791582,0.002607653649870402
603,0.0040516850384511765,6.234265674893425e-05,0.016791456889373477,0.0028863371576726845
604,0.004034272618166848,6.199470275871703e-05,0.015542627002316102,0.002669834290725173
605,0.004080551844656807,6.71708640375384e-05,0.016614291829285244,0.002557335166158062
606,0.003993947131509677,5.4569071431691236e-05,0.01645840051127536,0.002908223115255831
607,0.0040497404444403235,6.317356544055836e-05,0.017150466581683187,0.0028003730730179447
608,0.004008746010998526,5.721468954853929e-05,0.017832515149112077,0.003153327144214048
609,0.00396518260302525,5.514524864407618e-05,0.017336860046234748,0.002943409630906959
610,0.004009026492690887,5.8314872676281e-05,0.016596950687751764,0.0027278882328194217
611,0.004083214815929107,6.306608507594828e-05,0.016898159357096185,0.0026296488358880108
612,0.004014359362611101,5.986002521108743e-05,0.017557999627997742,0.0029355849332663012
613,0.004610531079448307,0.00018511106147772337,0.013944127817410014,0.002049929340946679
614,0.004246444202793104,9.967796067801744e-05,0.015759531112498795,0.0023125051923110827
615,0.0041100004521471235,7.050903983645012e-05,0.01818830267347346,0.0028236079293456227
616,0.004040109462851921,5.836915076504897e-05,0.018229754461246906,0.0029377469029998413
617,0.003967292320882696,5.315532256085162e-05,0.016841926041447762,0.002757286385205938
618,0.003978200713190261,5.107472889979954e-05,0.016861147322809165,0.002899243100975148
619,0.003981282287843865,4.610457903407451e-05,0.017634971346397767,0.003195323190915503
620,0.0041157322167330364,6.37836469373558e-05,0.017744411671201124,0.0031218539057253237
621,0.003994781502696045,5.27648060406067e-05,0.017274620791662806,0.0030907277140800305
622,0.003961122527934554,4.9823784581069066e-05,0.017188725809548173,0.0031968005715552503
623,0.003984816545468292,5.008102878408631e-05,0.017328122404052425,0.0031687660803494124
624,0.003946837589335929,4.6466974637135225e-05,0.017816409043079576,0.0034321866741994496
625,0.004136551816915888,6.998603660960774e-05,0.014856208865191565,0.0022853394405182377
626,0.004099676423589257,6.420788308562671e-05,0.01914072002049856,0.0031699972553043748
627,0.003996095357607951,5.597091761179752e-05,0.015262848976691137,0.002767357904653278
628,0.00398953806718691,4.7192758422287874e-05,0.016430322608188882,0.0030755038787901867
629,0.004030474912226484,4.753004028150363e-05,0.01659354494132151,0.003004471289037514
630,0.004012394761542715,5.096481512073262e-05,0.017700603871686472,0.003270096571093336
631,0.003980981964642756,5.3356668696452e-05,0.017836448960067915,0.003322747465990567
632,0.00398990768583371,5.609419745425023e-05,0.016030662589774324,0.002985011244934578
633,0.00401308283275312,5.172304109586576e-05,0.016911020382177948,0.0030254304559557505
634,0.003996991999482757,4.976240263105533e-05,0.0171284283995505,0.0030528546260077728
635,0.003984452248728009,5.5880321805810685e-05,0.01740334704379545,0.002803764946461734
636,0.0040240434818182265,5.532174425868449e-05,0.01660713119993591,0.002871222166107067
637,0.004051748502949968,5.600418597786035e-05,0.016538645569481793,0.002799065335666636
638,0.003993729424677053,5.038867130915156e-05,0.017130112600827356,0.00295743912341619
639,0.003985590521005397,5.0540505225582386e-05,0.016173284853938104,0.0028086695635303107
640,0.003994146031734778,4.9105906959873135e-05,0.017361672860354383,0.0030273217014006233
641,0.004032803055327457,5.2373134992052755e-05,0.016114057299206095,0.002868843021301864
642,0.004053247520636356,5.31351392515447e-05,0.017132804428369102,0.00297824478140972
643,0.003965764070113858,5.0815756804685036e-05,0.017192759008350357,0.0029364264638503143
644,0.003957541886108003,5.0594538138958745e-05,0.017255908129613428,0.0029166011066605424
645,0.004038888446281986,5.20142023110341e-05,0.01799943259399113,0.003256570516161494
646,0.003936201204747642,5.063576112550733e-05,0.017083005387558053,0.003167853009394009
647,0.003995030693454887,4.853268256987362e-05,0.01742150323520976,0.003244126820806699
648,0.003966656217383426,5.051037715128424e-05,0.01717353192472596,0.002916555006241284
649,0.004009280362194794,4.841252195329554e-05,0.017258921887922957,0.003139263910487362
650,0.004017090952526707,5.161105732328384e-05,0.01808952102098392,0.0032787593171458816
651,0.004026981609335218,4.924971413189414e-05,0.018484571712733006,0.0033837309556173636
652,0.003936348047404915,4.889607850060969e-05,0.017685659559727306,0.0032464511869267085
653,0.0040194957796838345,4.889843497631037e-05,0.016695813562671673,0.003001945377108741
654,0.004009791037258993,5.143710448468303e-05,0.01783951103921659,0.0031481111004512253
655,0.003960657298667604,4.590721703230475e-05,0.017684684293838033,0.0033201424306488307
656,0.0039425769678278055,5.000091151079078e-05,0.018478159874443286,0.003005156049694533
657,0.003973278941182923,4.913026422307065e-05,0.01823304355798277,0.0031156215808737487
658,0.004005430770875043,4.741580356432277e-05,0.019604197006351902,0.0036103336498480897
659,0.0039741426645229245,4.5569229685202895e-05,0.017695350520041408,0.0031798722148531377
660,0.003985487942729046,4.647292940153628e-05,0.01824956130242555,0.0034066378924618276
661,0.003941991437047706,4.744346993494519e-05,0.01799571233653519,0.0033522983179719687
662,0.003967944890289026,4.3869180135239566e-05,0.019412388560972764,0.0038113251239518535
663,0.004008442247569731,4.741936598417744e-05,0.018408420326077188,0.0033464052264888184
664,0.004004869726929148,4.617950657865905e-05,0.018814547823137597,0.003389619217780018
665,0.003899809315237624,4.179271397641426e-05,0.01958676257374271,0.003529170363333303
666,0.00400239900560136,4.484088241715239e-05,0.018023410665537448,0.0031748008971150335
667,0.0039565041993245365,4.851940741316334e-05,0.019672298233413342,0.003524811403814893
668,0.0039051417611050687,4.393441514788609e-05,0.021518725090789677,0.003929697033683793
669,0.003974504524066393,4.763007255106552e-05,0.020265633907995576,0.0038172238650353973
670,0.00393393745923861,4.210858662429344e-05,0.01884883510207893,0.003486216551034838
671,0.004036800711001393,4.462994546756195e-05,0.019162349435284932,0.003651663950114011
672,0.0039487595677892805,4.514902041431191e-05,0.01853922847504203,0.003560477289500714
673,0.003986893460320967,5.004880285197506e-05,0.021315465368244132,0.0038372634816134198
674,0.003908114960176353,4.604562401901627e-05,0.020082030130784637,0.0035199735847834517
675,0.003949491984827068,4.491340177387065e-05,0.018470405084420216,0.0032651841131685418
676,0.003946655287368386,3.850391859947789e-05,0.018748927733472344,0.003597350528391251
677,0.003943500710569832,4.623725026240658e-05,0.018783616703867124,0.0032520378427213794
678,0.0039319685149491685,4.272090090810572e-05,0.019354068666437504,0.0034998474882210954
679,0.004000256326272659,4.382497444525482e-05,0.018967077438256992,0.003343200917402552
680,0.003904409825221101,4.2008017446162396e-05,0.01990913012872962,0.0035125013800886835
681,0.0038947691515038504,4.165498263317294e-05,0.01906473182962085,0.0035162590915483304
682,0.003946764212714317,4.469124117400573e-05,0.019245467555789365,0.003362847900684786
683,0.003966735528973232,4.512121705796634e-05,0.017947727948464207,0.0032408640931531193
684,0.003940312261781709,4.2236474484764e-05,0.01889848082930787,0.003508541450757897
685,0.003950178702875349,4.419851879366112e-05,0.018086143992902922,0.0033811265635473767
686,0.003909452200845989,4.185638699221206e-05,0.017861234179901465,0.0033913726635745245
687,0.00395193012093084,4.3180130197874735e-05,0.020126367513620794,0.0036461485912834468
688,0.003939577759006291,4.596510366579558e-05,0.019438871538685943,0.0035930446492242456
689,0.003985397857631567,4.3686039329580684e-05,0.018090323219692568,0.0034205503709969303
690,0.003959075235690879,4.3200953050109785e-05,0.018564533107661155,0.0033801061397403733
691,0.0039015845222993553,3.919979633381016e-05,0.019235987422852128,0.003666845662307321
692,0.003958097562112424,4.250020918865312e-05,0.018532014285393108,0.0032709260654606043
693,0.003950724506152249,3.823700344081471e-05,0.018908604828406447,0.003657308459721948
694,0.0039405374532785024,4.0680767883385475e-05,0.018802647535929716,0.0033578619009943136
695,0.003931510786724209,3.989100828489133e-05,0.019894595173132044,0.0035937646001707284
696,0.003952030476913947,4.122742361704706e-05,0.01830010309920258,0.0032510626279565486
697,0.003947750489075205,3.914255938342175e-05,0.019853914551288876,0.0037701027303053657
698,0.00400400533696757,4.213851975549147e-05,0.02006278873193047,0.0037126264394479126
699,0.003927840027487182,4.188524922798031e-05,0.020922528700101257,0.0035841892802407843
700,0.0039006270204419305,3.682792166601806e-05,0.02037604811249782,0.003980587676031799
701,0.003950213627914541,4.3946075137105274e-05,0.019540028094579248,0.003548543663156359
702,0.003888178896070405,3.949509233148559e-05,0.019861239400254378,0.003750322346640801
703,0.003927765036543598,4.04114406606968e-05,0.02087962067383804,0.003873691291992386
704,0.0039422865049601906,3.7990027867411165e-05,0.02089083865624143,0.004066923437634289
705,0.0039201643957115515,3.743788789561118e-05,0.019924653356352094,0.003790424579785503
706,0.003895006140343448,3.469030877374346e-05,0.020112741326863897,0.003852105747423804
707,0.003949114868679427,3.697898393845135e-05,0.019424903553460313,0.0037346372292384766
708,0.003954594138613105,4.24648413236666e-05,0.01994751676429828,0.003725912629547475
709,0.0039388273427432875,4.228166945772621e-05,0.019586134646457948,0.003587902457419003
710,0.0039828133887961905,4.224119337003471e-05,0.020018970640067826,0.0037795209648883252
711,0.003876254797343009,3.870710533168116e-05,0.018606352470260087,0.003411721392273124
712,0.00385603234269249,3.69570696964646e-05,0.018744716386847347,0.0036364775067413094
713,0.003965851484741236,3.687744043342991e-05,0.020100339362089405,0.0038759778672161904
714,0.0039075777464025714,3.643268154391367e-05,0.020812604127649143,0.004122436751344296
715,0.003938871491594176,3.746263386053687e-05,0.020204085887514597,0.003899894860152071
716,0.003918540315213879,3.4630081641767286e-05,0.018813815333306887,0.0036452015392419014
717,0.003951061540017676,4.067522382846352e-05,0.019447824717283447,0.0034161559817931864
718,0.003951016195143216,3.9350210177036204e-05,0.020371951571425163,0.003678657868796102
719,0.003914613461745159,4.11774327613774e-05,0.019935303153346805,0.0035436291126589273
720,0.003860561731324563,3.7268967297030915e-05,0.021021234755102078,0.003877968528183753
721,0.003942642002826833,3.779454434006178e-05,0.020120400688703487,0.0036866337976012523
722,0.003910753274860548,3.512979611201348e-05,0.019209834461760344,0.003664767494523861
723,0.003896013428120672,3.507376972476614e-05,0.0185981193119475,0.0035611492980060335
724,0.003918610404762563,3.6609225799197754e-05,0.02121852548940983,0.004039810885282446
725,0.0038784822022379464,3.365857023162575e-05,0.019427862339067143,0.0039374723861412995
726,0.003941435338539769,3.449744331075338e-05,0.019715218706093482,0.003968731643245995
727,0.003854428387880892,3.642716584078159e-05,0.018857884601634366,0.0038035143018032916
728,0.003928408268378771,3.792001967203345e-05,0.019226654175212545,0.003592809582211421
729,0.0038696173025195985,3.420544918582698e-05,0.020264510130077996,0.003918209643434118
730,0.003951954254756607,3.553919444340808e-05,0.019552859693568275,0.0037229914180578823
731,0.0038759653025374043,3.1298555430409576e-05,0.018949071568319733,0.0036350891368181464
732,0.0038831202528428837,3.5465740767407965e-05,0.019746264526065413,0.003560642168747488
733,0.003909958621660538,3.4772919823587156e-05,0.020202164999240182,0.003610956869371442
734,0.0038791379768280984,3.767110408007768e-05,0.01938275190761054,0.00358321914288974
735,0.0038516829157701406,3.640640193209198e-05,0.019271043688984007,0.003608127714345611
736,0.0038838852834338924,3.151653589514841e-05,0.019817810300552588,0.0038074589479851094
737,0.003878861064172771,3.3242321534157004e-05,0.02046076113216283,0.004044298396371798
738,0.003908767054183231,3.816173329748654e-05,0.019846427379274705,0.00362514313552997
739,0.003898998659135979,3.373050089639289e-05,0.01905582650157543,0.0035046237114106558
740,0.00395491514301827,3.208001810599497e-05,0.018242964588895145,0.0035360189618911697
741,0.004115181187160682,7.572765027531488e-05,0.019436341793652598,0.0032915700614816255
742,0.00391613540306914,4.706539084422678e-05,0.019661542732848335,0.003445135733742569
743,0.0039204927781037275,3.6261702147810574e-05,0.019763098257155904,0.0034904496612295968
744,0.00384209297390251,2.941852703070288e-05,0.019357025968712686,0.003603718853177848
745,0.003825387321660444,2.9518114736207044e-05,0.020436129827262058,0.003820607858737553
746,0.0037983406561749064,2.8384162380665962e-05,0.021545454503548955,0.004039840392043148
747,0.003853469427512116,2.7475423279115897e-05,0.01949760264914409,0.003873318898953079
748,0.003883145394789926,3.011305538591551e-05,0.02020474504340218,0.003976797894837311
749,0.003915297829576134,3.215368252680917e-05,0.01949589591880409,0.0036085617791364794
750,0.003900818697162709,3.2252573899351614e-05,0.01943522867506111,0.003712162006183239
751,0.0039191554170349766,3.279694771534528e-05,0.021111647562981145,0.00406655130732451
752,0.0038810501901163745,2.9089841977822796e-05,0.02039015076943482,0.004092775014889159
753,0.003885881674738013,3.327169724841523e-05,0.019879828777706977,0.003858439143156727
754,0.004028410982772595,6.1494609600208e-05,0.02010868661512701,0.0038809064299973354
755,0.003941664409809551,4.125101839991474e-05,0.019701401664511554,0.004038730949310016
756,0.00386425009406324,3.5006392838507475e-05,0.021152580588661284,0.0040948298246683
757,0.0038792223903304497,3.1288242933238205e-05,0.018772074650504338,0.0037365812917029106
758,0.003872941344172584,3.111187266117823e-05,0.019155803659240044,0.003932032957951583
759,0.003856033871584207,3.1329947677055425e-05,0.020745957270264626,0.004164775800938442
760,0.0038038494247773186,3.229625763339613e-05,0.020123267769875216,0.004012720828571321
761,0.0038577268641980314,2.854170777144898e-05,0.02072505039526828,0.004359697662069368
762,0.003908793632288113,3.085464414197349e-05,0.02072602973646478,0.0042372982086167
763,0.0038567425381257677,3.0091000797851796e-05,0.019995791342615192,0.003883667071148987
764,0.0038577884071800475,2.7561657191415765e-05,0.019456649859071962,0.004070556084610003
765,0.0038508377657643744,2.8849784643345643e-05,0.02092526746845946,0.004191782298522527
766,0.003857605951172459,3.084068284910307e-05,0.021442266042338103,0.00432998677729151
767,0.0038734635700269854,3.039079621570629e-05,0.021987850614360822,0.004113687755981775
768,0.0039005763895150996,3.288044880949931e-05,0.02016700557525584,0.0038665810514201754
769,0.0038787286941974843,3.360076313396532e-05,0.020370132201937157,0.00400927228751219
770,0.0038642322276311683,3.151281928827655e-05,0.020821173431734178,0.004188370776475664
771,0.0039111941414548814,3.0634316629760664e-05,0.01979770363826576,0.0040203382248376555
772,0.0038729151161989556,3.250692890765354e-05,0.019925815042490694,0.004116534768797543
773,0.003846393528079239,2.8522450668160568e-05,0.01977534724757174,0.004059666865002225
774,0.003906452081948802,3.081113415167587e-05,0.02036220686886435,0.003912753437464365
775,0.003957404018053962,3.6100830400056535e-05,0.019539559636240367,0.0035296821716710477
776,0.003892631216431497,3.0051238891523263e-05,0.020011623468657105,0.003933297171488147
777,0.003857800248344588,3.04945410288082e-05,0.02110927091566044,0.004295784501580133
778,0.003882068242105751,2.9459008784689024e-05,0.020902161608258914,0.004232437025371078
779,0.0038550430364347288,3.1473875938958955e-05,0.02126496678082556,0.004351201832308872
780,0.003836340492258394,2.7920253225823533e-05,0.01963305981546048,0.0040038749880386
781,0.00384696792791679,2.8602411646477452e-05,0.020773570643836597,0.004187623519679402
782,0.0038720698183501573,3.158672898975345e-05,0.02050185841600725,0.004282005599116441
783,0.003816566179938501,2.8615048000196658e-05,0.020983236752425794,0.0043166068690934116
784,0.00385677965248124,3.039152194406414e-05,0.0213731495472325,0.0042210595610660245
785,0.0039034022946537474,3.182404189112904e-05,0.020206472011505078,0.003926210245577713
786,0.003861214390144942,3.0498823214297374e-05,0.02022064808410722,0.003951713942795636
787,0.003833387314409244,2.881374661109313e-05,0.02113730640039588,0.0042784066223152005
788,0.004017129213772289,5.024378587507465e-05,0.019782004039117833,0.003090885964158455
789,0.0038946498284548408,4.3911363299422216e-05,0.01844466789872293,0.003077253325506374
790,0.003920943201820547,2.9996287318686613e-05,0.019690614392586202,0.003556064571159898
791,0.0039427472874274325,4.692346088504806e-05,0.018067813219366877,0.00282749414075787
792,0.0039493019618235614,3.944667045057256e-05,0.01879009430833309,0.003347554076284217
793,0.003956434159794603,3.262133921923223e-05,0.020771411275306087,0.003889733425733581
794,0.004231193518981395,9.767793629875322e-05,0.01948177510261881,0.003045450120713598
795,0.0038765084065723555,3.909024453968631e-05,0.019019643458482248,0.0031032322487096237
796,0.0038569477336311236,2.9252936452090033e-05,0.019288562563562532,0.0032631924832759182
797,0.003929222368249252,2.7407608960352142e-05,0.019753221036952654,0.003428663102363166
798,0.0038482354840568265,2.5520333465993137e-05,0.020011008710951995,0.0035010692540919795
799,0.0038031223805500866,2.1484881046132128e-05,0.02022844183240209,0.003638003065688528
800,0.003843391139304598,2.3340784024036567e-05,0.02170084631348041,0.003998522794268106
801,0.0038747207240375048,2.2133990840089755e-05,0.01989967813591985,0.0037057996914460476
802,0.0037967040882527316,2.3643716447328056e-05,0.02116218424673556,0.0039933652436029785
803,0.0037891211695508754,2.689658270470489e-05,0.019147551715657705,0.003595721806291204
804,0.0038247576533168726,2.657388137505696e-05,0.019304515570340467,0.0035277911737051043
805,0.003861978467723829,2.8235722856888865e-05,0.019115363454310506,0.003303202840843911
806,0.003838531425959314,2.7811933336653737e-05,0.019300154471979632,0.003530970238699826
807,0.003825413382314712,2.4455067783213886e-05,0.019870312310853937,0.0037681576040935194
808,0.003848970236483352,2.414225638589321e-05,0.020722068951076623,0.003996013978466609
809,0.0038021264886377317,2.3759409149137934e-05,0.02061353526725773,0.0037889004761984552
810,0.0038701393327254365,2.972251038722581e-05,0.0208734862108573,0.003700371588946903
811,0.0038484731014506333,3.102276024710176e-05,0.020234833610250264,0.0034380654837126265
812,0.0038870257266156176,3.0159572957830764e-05,0.02063678411939582,0.003735440071797097
813,0.0037893576984835554,2.5616031698912148e-05,0.01931116181820483,0.0035683132741151768
814,0.00381901249521458,2.4512169020480102e-05,0.021105900346702396,0.003950863711130019
815,0.003891040008876317,2.6743485764303905e-05,0.02045913228598602,0.003936259425654799
816,0.0038653879728302813,2.696047795844008e-05,0.02110109079030916,0.004167706607067102
817,0.0038609854830960132,2.8000976711108838e-05,0.021214221021320843,0.004207080089753503
818,0.0038449518141751055,2.7722832963656e-05,0.01961480897530568,0.003774172432418251
819,0.0038515952908869536,2.5997293617995608e-05,0.021878766484977986,0.004449210258224183
820,0.003841401503630294,2.9100586082075462e-05,0.02194342949575689,0.00417281386073577
821,0.0038543246538615557,2.816802858056498e-05,0.02150685310869521,0.0040938540704225325
822,0.0038122606929391623,3.0443887899543053e-05,0.025967316293398178,0.004886290911292464
823,0.00380794832282859,2.947949924384354e-05,0.020549953003901222,0.004001753991294347
824,0.0037756924200519747,2.4481872014457413e-05,0.02082912511013399,0.003935923473586657
825,0.0038716251432484887,2.808290286643206e-05,0.020182056704055,0.0038727439240038254
826,0.003841615771563164,2.6927520326818383e-05,0.020167450122966966,0.003953165506603102
827,0.0038374836734556255,2.6249774541680422e-05,0.020372740830300957,0.004090679050197698
828,0.00387935197297767,2.7286550343546447e-05,0.019408142901895357,0.003807620231517475
829,0.0038922306707043896,2.794807844808165e-05,0.019025394275155386,0.003759101638886041
830,0.003780034972937289,2.3886159995124247e-05,0.019546350266858442,0.00391221620278077
831,0.0038870420694676984,3.237649927317582e-05,0.018713466858565314,0.0034681781913930188
832,0.0038817377710987605,2.7136832622550814e-05,0.01966484266006394,0.003705243536158691
833,0.003908532037764448,2.675916935954264e-05,0.01961572666109743,0.003677964023937354
834,0.0038454604318308794,2.3491609297550845e-05,0.020468096905665485,0.004106297691656521
835,0.003864985841995693,2.860934790622653e-05,0.021424399889290135,0.004230259476743178
836,0.0038171077634919677,2.7224878203826902e-05,0.01960837959916337,0.003821754137424557
837,0.0038889730296065824,2.777148642573814e-05,0.02050993456936978,0.003927834489488474
838,0.0038373735905961335,2.4057943046941356e-05,0.020930179852733252,0.004071494596698075
839,0.003846039093443026,2.687799849441087e-05,0.021109701767995558,0.004306187460411784
840,0.0038312190511536576,2.4240645758155697e-05,0.020234369551022816,0.004106814036300866
841,0.003845947224048352,2.4504410927793876e-05,0.020686353265388025,0.004097970473883725
842,0.003826788955495583,2.5235435193212567e-05,0.02064816118063812,0.004010946018390904
843,0.003848976479088994,2.692477151708426e-05,0.020562951884769053,0.0038866552214245373
844,0.0038366437156617415,2.2403992383963714e-05,0.020763777060717935,0.004085623433614737
845,0.0038989720673091397,2.584522688777963e-05,0.01965263603248985,0.003927844999928474
846,0.00386275173503084,2.721377130793551e-05,0.019806955777577413,0.00406092338258134
847,0.003849462947733842,2.2907701256463735e-05,0.020643792556142373,0.0041044175917018064
848,0.0038179455346254343,2.4157671931505512e-05,0.021381809647558935,0.0043863405197718495
849,0.0038035448643683454,2.398042867588769e-05,0.02128250927614998,0.004389507991720696
850,0.0037649915019800965,2.4729813313239794e-05,0.020003592857585246,0.003929745518713835
851,0.003866306598167229,2.7018350521779863e-05,0.02130825093805494,0.004282925091459804
852,0.0038641914136587382,2.341802250712377e-05,0.022175305220761048,0.004388681159968433
853,0.0038405067792884693,2.676769210973728e-05,0.02107073539337575,0.004253610496447593
854,0.0038598855623635446,2.4680902257208102e-05,0.02227582571880016,0.0044874901995840535
855,0.00381384939490906,2.4758830581544066e-05,0.021996260034722208,0.004447513385541893
856,0.0038571784834062306,2.2802296406853065e-05,0.022127817563761937,0.004257842489535909
857,0.003854796991102794,2.535880958010346e-05,0.02090400205740076,0.0039025821917904662
858,0.003793665109655533,2.684241421031865e-05,0.02164518071141168,0.004218300874593158
859,0.003868563349018787,2.3668316850144694e-05,0.02134061439906475,0.004067112031449467
860,0.0038391037360754414,2.354520204434553e-05,0.023064620078954573,0.0044417241240819975
861,0.0038542456627458674,2.776665499579339e-05,0.021373420831938553,0.004006317750227388
862,0.0037857679539083896,2.1139566363826953e-05,0.02318800388779861,0.0043918512229050586
863,0.0038201980400802177,2.7635356263264853e-05,0.02036030812494284,0.0037594191036734496
864,0.003850447746549694,2.371044156644625e-05,0.02117665526950547,0.004169013806828741
865,0.003773622929221267,2.2397534891043946e-05,0.021969008965676787,0.004338357901625741
866,0.0038389357562909903,2.4051651144196027e-05,0.020758094101071062,0.004149411644951197
867,0.0038933453660019222,2.442068976288482e-05,0.021024687436181088,0.004029873476912259
868,0.005134347729303453,0.00027349319100440075,0.021110514336148436,0.0024699954334474923
869,0.004238932962288563,0.00010345256343339401,0.01987745148894556,0.0027210276946078504
870,0.004100049578517449,7.106999956936082e-05,0.018053994384526418,0.0026318366492929595
871,0.004010885872014093,5.07329481766273e-05,0.01883052092427943,0.0027865558565480153
872,0.003935974881410627,4.2224332319839454e-05,0.017593657850775102,0.0027451283398513384
873,0.004087287567895855,6.839467999239587e-05,0.01815973257103207,0.002885284205275705
874,0.0040348443550592425,4.535506171126874e-05,0.01759823068779036,0.0026543991545189037
875,0.0038683817703312282,3.0054816628193772e-05,0.018541330220301123,0.0031123126998454306
876,0.0038581767797597573,2.6430143213648137e-05,0.01896792526252025,0.0032012982085731305
877,0.003802078073143166,2.163837027869047e-05,0.018703404276644107,0.0033378979930922463
878,0.0038423501902362578,2.1130988164336123e-05,0.022297387791563147,0.004064646659782545
879,0.003798578629011692,1.9681995153020143e-05,0.02105134933884718,0.003974452443377617
880,0.0038250505232815223,1.9007123621207603e-05,0.02069512989205487,0.0039351061776153
881,0.0038023572614303163,1.6842893009527977e-05,0.020505167380444063,0.0039733358077460226
882,0.0038065911490229374,1.7389132827404436e-05,0.02108958743463289,0.004166641659443883
883,0.003816753530258688,1.6655740950216244e-05,0.020541919307437855,0.004157649684359227
884,0.003806789818630614,1.5738221324292685e-05,0.0212912559987274,0.00435964447275327
885,0.0037599980491195796,1.7772253831939597e-05,0.020861554308023476,0.004063423208654118
886,0.003783963216528891,1.9493378299413257e-05,0.02051436522241608,0.004187513953948892
887,0.0037654306772324352,1.7973082471282047e-05,0.02139653460529713,0.004426739968858476
888,0.003789751554534774,1.9847924786578497e-05,0.020147792387457675,0.0040303995487409715
889,0.0038179268324818505,1.9262684604840953e-05,0.019984054505603005,0.004005387075544273
890,0.0038139804553226375,1.8228999857289004e-05,0.021643237591665608,0.004415129518825864
891,0.0038905179830969173,2.8162676088775096e-05,0.01888426853843428,0.003667437456355377
892,0.0037600777232346654,1.9122586707755317e-05,0.02132033077469527,0.004217044457413826
893,0.0038002697992609536,1.8995361807242908e-05,0.021143101411717418,0.004356395058578269
894,0.0037985959023010595,2.2556149419406443e-05,0.020636947040711312,0.004089344897723197
895,0.003816914564519129,2.4317847686169608e-05,0.019767640254133387,0.003852142263756543
896,0.0038241459266548203,2.024131400450602e-05,0.020188440382172237,0.004163443593957432
897,0.003870590002109569,2.1526474487941603e-05,0.02052633647054483,0.003995782244757889
898,0.0038278408608834894,2.4268638651154644e-05,0.02083130897368175,0.004105950957546759
899,0.0038090983017068,2.6426404921336184e-05,0.020353591738774483,0.003779743284724567
900,0.0038290841322562203,2.4376088278604548e-05,0.020379394346027827,0.0037323069214799274
901,0.003870121200264435,2.8250732598090392e-05,0.022236236603930593,0.004189999932711863
902,0.003911320999186812,2.4948305932346553e-05,0.024298841253983856,0.004717259330252711
903,0.0038094157233529726,2.2281508336055757e-05,0.021736411920545116,0.004144596180251498
904,0.0038523706665064277,2.0497539252240636e-05,0.022577852369995405,0.004420173587602781
905,0.0037377279560779266,2.035556449447714e-05,0.024386458091178773,0.004994625019527114
906,0.003816977643917807,2.0151148776461725e-05,0.02326701907749405,0.0044514071990951025
907,0.003865950986098484,2.494568065868016e-05,0.021239640528878924,0.004153738599676301
908,0.0038482192235364944,2.1608681754774054e-05,0.023332223055625198,0.0044635955752487435
909,0.003774357085406582,1.9649895950474474e-05,0.02289824497990853,0.00444527078254986
910,0.0037847165967348413,1.9470708783151618e-05,0.02126771152876811,0.004005063751816087
911,0.0038137101225675344,2.4661433307197018e-05,0.022086987916429508,0.004113514355335821
912,0.0038283574054045993,2.1192323310278465e-05,0.021329914845698916,0.003984921560407846
913,0.003958786314109008,4.266670976059043e-05,0.020272563643358797,0.0034969484067613734
914,0.004783301377410473,0.00025130430564843423,0.0198031950152991,0.0033904079525941206
915,0.004100721946053433,6.728601995213874e-05,0.020971052666250246,0.003426910423284739
916,0.003928582696598236,3.5402758374942235e-05,0.01947186172119533,0.003078576592292998
917,0.0038933783673111193,2.4239266033998212e-05,0.019023178169960218,0.003134074126775874
918,0.0038204613042563313,2.4547226306426307e-05,0.019241997364612407,0.0031656203685371345
919,0.0037819831561254685,2.131664353278198e-05,0.01981077704498458,0.0035048780093275608
920,0.003826325130294796,1.9193764096071528e-05,0.020529325320601265,0.0037001292045251892
921,0.0037796354733988244,1.5332557460761043e-05,0.02065911932558512,0.0037631693168732935
922,0.0037886558504272323,1.7606167196574674e-05,0.019850946188787157,0.003786782637539033
923,0.00378225021641489,1.861281840545074e-05,0.02168762793190876,0.004198135466802775
924,0.0037988299851840495,1.9864335933676294e-05,0.023930390726232174,0.004564392342916301
925,0.003813268136084363,1.9037416996816198e-05,0.022565642438076485,0.0043519461154670315
926,0.003826055702082317,2.007963808457066e-05,0.021465898826039883,0.004126083241895468
927,0.0037887945714558937,1.9736673811038885e-05,0.022146728936743163,0.0043777326023243125
928,0.0038270036864338774,2.1677203503826217e-05,0.0210494400890211,0.004030281035160659
929,0.0038072169548566295,1.7982412396403503e-05,0.022488175735605374,0.004435885139125293
930,0.0037428990706709344,1.7501838024292373e-05,0.0215645618243328,0.0043779975663945404
931,0.0038418052093915555,2.5593297686534413e-05,0.022259866985313546,0.004174738035502417
932,0.003752184289457992,1.7776654458810527e-05,0.02277665196406032,0.004440157574166408
933,0.0038382207621561765,1.6945945913262738e-05,0.02297721378850621,0.004476776560289525
934,0.0038029797253032486,2.3197072552558113e-05,0.023098322801871705,0.004175543168469853
935,0.003877176526940991,2.3871870713565656e-05,0.023669845918008428,0.004337169414437037
936,0.003774539359930209,2.3842226708096472e-05,0.024052623902996447,0.004524622204257114
937,0.0038407994221768453,2.0977901491845023e-05,0.020988323118241614,0.003892660858215119
938,0.003812292683692543,2.734759036623891e-05,0.02143336194474867,0.003954894729915564
939,0.0038044377630257788,1.95193719611492e-05,0.02227568909655393,0.004414985580851199
940,0.0038007866828472215,1.951070752299197e-05,0.020789424187213874,0.004053548414067216
941,0.0038483977506376323,2.2214029137505794e-05,0.021910961789837636,0.0040968641851878715
942,0.0038551154241900708,2.3488138709536153e-05,0.022276486817512983,0.004199087693128327
943,0.0039385331514868675,4.515116776826182e-05,0.021054673315463773,0.0028362450518414828
944,0.0038929045268515047,3.549998893051362e-05,0.022592280695325886,0.003955452211619631
945,0.0038398898754644245,2.3743109765414358e-05,0.023115996652227265,0.004245083461604651
946,0.00382371700613161,1.8477298070413993e-05,0.02375186154378319,0.004730275511588987
947,0.003765708456584341,1.950993677110718e-05,0.022287671192123597,0.004168933132685149
948,0.003783428115051367,1.77860094355075e-05,0.022648662658691997,0.004346233929376563
949,0.004500714711005669,0.00013924533820705185,0.02456792429959192,0.003647730305975161
950,0.003982568469550107,4.71301890285997e-05,0.02249587613731524,0.00354166475650068
951,0.0038759776810715295,2.81139935989419e-05,0.023933375474768658,0.0039424452607751985
952,0.003858831520776615,2.443837563178264e-05,0.024128797240493608,0.004204536936720386
953,0.003836012346238011,2.0218898662831967e-05,0.022361005318739656,0.0038655143488124893
954,0.0038502672138294564,2.0726960516354517e-05,0.0235932110700855,0.004200109381111885
955,0.0037822244988095738,1.5800866276663112e-05,0.022621332900598645,0.004046975891867156
956,0.003793142463289513,1.6005339105888247e-05,0.022861953359097242,0.004237167866654241
957,0.0037723910705338695,1.4205321602070833e-05,0.02416405653340483,0.004506312935813642
958,0.0037498760007024378,1.6309227389280564e-05,0.02321791020530393,0.004239698439267532
959,0.0037859492632471904,1.6738963431377856e-05,0.023154001613610135,0.0043512296532759705
960,0.0037977162167826535,1.4378594391917539e-05,0.0234438126385582,0.0045928028267607805
961,0.0038264608302794596,1.6439878387444435e-05,0.021781905948967728,0.004354004949386793
962,0.0037815327045220897,1.5584192383761904e-05,0.022431948197549147,0.004429829533346612
963,0.0038028138356828644,1.645214209976808e-05,0.022604050867210162,0.004390000727665433
964,0.0038069049914512686,1.6227384858748425e-05,0.02249163983309555,0.00445524882734811
965,0.0038524132143146583,2.577323011865518e-05,0.022582889048826715,0.004227816543379658
966,0.0037992477276231457,2.1661070421819436e-05,0.021040899134765298,0.004058448874443848
967,0.0037869738176741245,1.8870348302842782e-05,0.0211616768254991,0.0040589099482880656
968,0.0038008876609662017,1.6672130699089913e-05,0.021817753887087697,0.004140056852695173
969,0.003753667152858562,1.783341692602375e-05,0.023663193212563036,0.004647869177954859
970,0.0037720712926947006,1.7894073312239175e-05,0.021867671856557986,0.0042569985038763535
971,0.0037974171095240877,1.9962714506661807e-05,0.021861046962810077,0.004307594978703889
972,0.003831372174041296,3.007067430110747e-05,0.022617195049818878,0.004129063737953956
973,0.003842224719307382,2.3601106473605435e-05,0.021350611289593063,0.003580103990822219
974,0.0037699576906378277,2.26677012182346e-05,0.02261175232513851,0.003994387157897126
975,0.0037705494775242057,1.853449811193016e-05,0.021878128590691368,0.00423737947885878
976,0.0038059693017528312,2.023781616289524e-05,0.020574346790706972,0.003703626014010068
977,0.003798150167067468,1.847378907202598e-05,0.021286930312211346,0.003992921767985836
978,0.0038106005843339254,1.7074498471853254e-05,0.021524749187419548,0.004121087497065637
979,0.0038326475893221655,2.2455676264493512e-05,0.020983671300754642,0.003962994857425921
980,0.0037882112625263944,2.084062677629922e-05,0.02113880521451302,0.003823425764392066
981,0.003779458925358158,2.169959896966123e-05,0.02326574148024303,0.00432105237568193
982,0.00387054145603508,1.9940185290882845e-05,0.02146673677581677,0.004219846863172779
983,0.0037609467025272575,1.6656501053010637e-05,0.02229240036335163,0.004369955053135943
984,0.0038075029102823356,1.7713641970402166e-05,0.02199534217315103,0.004187726652547864
985,0.0038096403004601598,2.165314357931301e-05,0.021474388546760606,0.003906906252009532
986,0.0038455294603623536,1.972018734125088e-05,0.02072362524969195,0.003962239492351884
987,0.0038044189670417075,1.7632373572972724e-05,0.02130561174719983,0.003959231056315001
988,0.003792479153573796,1.929953878044746e-05,0.022532973588068064,0.004248491403976739
989,0.0037828710186029626,2.0548448263830823e-05,0.022948953384743228,0.004424903068420402
990,0.0037028004008986255,1.9518672646325997e-05,0.02178371671914117,0.004147718264090108
991,0.0038385458729679593,2.1204798965518222e-05,0.02179318865983198,0.003892533685835672
992,0.003805733239366726,1.943389098530692e-05,0.02204202520599379,0.004237772386665367
993,0.003787906279171261,2.052359724843069e-05,0.021263445317375146,0.0041392437879461405
994,0.003729479125800043,1.401081790506252e-05,0.02317692294858692,0.004583032352264199
995,0.0038185243701965976,1.557625971107672e-05,0.02336852842577986,0.004737343667492322
996,0.003782249888858471,2.1202069351433817e-05,0.02054597990932745,0.003855589420022655
997,0.0038138620534153944,3.2967147089790636e-05,0.018910421225063454,0.003564692688195651
998,0.004133334386909643,9.010670085425635e-05,0.018806550422041917,0.0028020447614305537
999,0.003995142025012565,5.4647386843175345e-05,0.018231331517253785,0.0027469988603814467
1000,0.0038964156373032144,3.0467374805273015e-05,0.020195457689612117,0.0031785467212018634
